,id_mutation,date_mutation,nature_mutation,valeur_fonciere,adresse_nom_voie,code_commune,nom_commune,nombre_lots,type_local,surface_reelle_bati,nombre_pieces_principales,longitude,latitude,month,year,m2
2549539,2018-1069033,2018-01-03,Vente,175000.0,ALL DE DUBLIN,77307,Montévrain,1,Appartement,54.0,3.0,2.766132,48.854328,1,2018,
2549565,2018-1069046,2018-01-04,Vente,313057.0,CRS DU TAGE,77449,Serris,1,Appartement,76.0,4.0,2.786741,48.85467,1,2018,
2549574,2018-1069052,2018-01-11,Vente,131000.0,AV DE LA SOCIETE DES NATIONS,77307,Montévrain,1,Appartement,40.0,2.0,2.758432,48.866784,1,2018,
2549635,2018-1069086,2018-01-17,Vente,122000.0,RUE DU MOULIN A VENT,77268,Magny-le-Hongre,1,Appartement,26.0,1.0,2.813132,48.866175,1,2018,
2549637,2018-1069088,2018-01-08,Vente,92000.0,RUE DE LA CHARBONNIERE,77307,Montévrain,1,Appartement,20.0,1.0,2.76756,48.853979,1,2018,1672.7272727272727
2549655,2018-1069098,2018-01-11,Vente,288000.0,CRS DU TAGE,77449,Serris,1,Appartement,70.0,4.0,2.786741,48.85467,1,2018,
2549673,2018-1069104,2018-01-15,Vente,155050.0,CHE DES VERGERS,77111,Chessy,1,Appartement,38.0,2.0,2.765459,48.87795,1,2018,880.9659090909091
2549952,2018-1069225,2018-01-19,Vente,195000.0,AV DES FRENES,77307,Montévrain,1,Appartement,52.0,3.0,2.759956,48.871348,1,2018,1772.7272727272727
2550075,2018-1069291,2018-01-12,Vente,204000.0,RUE DES VENVOLLES,77018,Bailly-Romainvilliers,1,Appartement,55.0,3.0,2.820459,48.85012,1,2018,
2550229,2018-1069377,2018-01-26,Vente,206700.0,ESP DES GUINANDIERS,77018,Bailly-Romainvilliers,1,Appartement,55.0,3.0,2.815999,48.849182,1,2018,2431.764705882353
2550262,2018-1069395,2018-01-24,Vente,145000.0,RUE DE MAGNY,77018,Bailly-Romainvilliers,1,Appartement,35.0,2.0,2.820078,48.849716,1,2018,
2550306,2018-1069423,2018-01-30,Vente,206000.0,ESP DES GUINANDIERS,77018,Bailly-Romainvilliers,1,Appartement,51.0,3.0,2.815999,48.849182,1,2018,6058.823529411765
2550360,2018-1069450,2018-01-12,Vente,113000.0,RUE DE LA CHARBONNIERE,77307,Montévrain,1,Appartement,27.0,1.0,2.76756,48.853979,1,2018,
2550405,2018-1069475,2018-01-17,Vente,212000.0,RUE DES FERMES,77268,Magny-le-Hongre,1,Appartement,59.0,3.0,2.812748,48.865878,1,2018,
2550466,2018-1069504,2018-01-26,Vente,286527.78,AV DE LA SOCIETE DES NATIONS,77307,Montévrain,1,Appartement,93.0,5.0,2.760877,48.857906,1,2018,
2550564,2018-1069553,2018-02-02,Vente,142000.0,AV DE LA SOCIETE DES NATIONS,77307,Montévrain,1,Appartement,40.0,2.0,2.758432,48.866784,2,2018,
2550568,2018-1069555,2018-02-01,Vente,275000.0,RUE DE L EPINETTE,77268,Magny-le-Hongre,1,Appartement,80.0,4.0,2.81359,48.866809,2,2018,
2550610,2018-1069576,2018-01-12,Vente,286840.0,RUE DE BRUXELLES,77307,Montévrain,1,Appartement,77.0,4.0,2.763642,48.85586,1,2018,9252.90322580645
2550668,2018-1069610,2018-02-01,Vente,337500.0,RUE DE PRAGUE,77307,Montévrain,1,Appartement,77.0,4.0,2.76312,48.854849,2,2018,
2550729,2018-1069647,2018-02-13,Vente,255000.0,PASS DU FOUR,77111,Chessy,1,Appartement,61.0,3.0,2.768978,48.878094,2,2018,2897.7272727272725
2550796,2018-1069676,2018-02-14,Vente,84000.0,RUE D AMSTERDAM,77307,Montévrain,1,Appartement,22.0,1.0,2.76756,48.853979,2,2018,1615.3846153846155
2550902,2018-1069734,2018-01-26,Vente,245000.0,CRS DU DANUBE,77449,Serris,1,Appartement,62.0,3.0,2.784357,48.856868,1,2018,
2551089,2018-1069813,2018-01-30,Vente,82000.0,RUE DE LA CHARBONNIERE,77307,Montévrain,1,Appartement,22.0,1.0,2.76756,48.853979,1,2018,1640.0
2551090,2018-1069814,2018-01-30,Vente,100000.0,RUE DE LA CLE DES CHAMPS,77268,Magny-le-Hongre,1,Appartement,38.0,2.0,2.815862,48.867012,1,2018,2380.9523809523807
2551104,2018-1069821,2018-02-09,Vente,215000.0,AV DES FRENES,77307,Montévrain,1,Appartement,52.0,3.0,2.759956,48.871348,2,2018,2721.518987341772
2551133,2018-1069836,2018-02-06,Vente,210000.0,PL D AMILLY,77449,Serris,1,Appartement,60.0,3.0,2.787103,48.843547,2,2018,277.0448548812665
2551179,2018-1069862,2018-02-16,Vente,225000.0,CRS DU DANUBE,77449,Serris,1,Appartement,65.0,3.0,2.775601,48.855965,2,2018,
2551234,2018-1069885,2018-02-16,Vente,115000.0,ALL DE VARSOVIE,77307,Montévrain,1,Appartement,34.0,1.0,2.765754,48.855891,2,2018,891.4728682170543
2551265,2018-1069896,2018-02-07,Vente,247000.0,RUE DE VIENNE,77307,Montévrain,1,Appartement,58.0,3.0,2.7617,48.856367,2,2018,
2551270,2018-1069898,2018-02-09,Vente,218000.0,RUE DE COPENHAGUE,77307,Montévrain,2,Appartement,63.0,3.0,2.763297,48.856969,2,2018,
2551273,2018-1069900,2018-02-08,Vente,250000.0,CRS DE LA GARONNE,77449,Serris,1,Appartement,69.0,3.0,2.786107,48.855312,2,2018,
2551277,2018-1069901,2018-02-09,Vente,417000.0,RUE D ARIANE,77111,Chessy,1,Appartement,91.0,4.0,2.771584,48.858613,2,2018,
2551282,2018-1069904,2018-02-05,Vente,89000.0,RUE DE LA CHARBONNIERE,77307,Montévrain,1,Appartement,22.0,1.0,2.76756,48.853979,2,2018,
2551283,2018-1069905,2018-02-07,Vente,221800.0,RUE BOUCLE DES HESPERIDES,77268,Magny-le-Hongre,1,Appartement,64.0,3.0,2.812642,48.871563,2,2018,
2551287,2018-1069907,2018-02-01,Vente,185000.0,RUE DES FERMES,77111,Chessy,2,Appartement,47.0,2.0,2.76691,48.877187,2,2018,
2551289,2018-1069908,2018-02-01,Vente,190000.0,RUE DE BRUXELLES,77307,Montévrain,1,Appartement,46.0,2.0,2.762698,48.855472,2,2018,2878.787878787879
2551297,2018-1069911,2018-02-06,Vente,227000.0,AV DES FRENES,77307,Montévrain,1,Appartement,60.0,3.0,2.759956,48.871348,2,2018,3847.4576271186443
2551306,2018-1069915,2018-02-08,Vente,125000.0,CRS DU DANUBE,77449,Serris,1,Appartement,27.0,2.0,2.78639,48.855954,2,2018,
2551314,2018-1069919,2018-02-21,Vente,126000.0,AV FRANCOIS MITTERRAND,77307,Montévrain,1,Appartement,30.0,1.0,2.759493,48.866719,2,2018,
2551324,2018-1069925,2018-02-14,Vente,199000.0,RUE DES BERGES,77018,Bailly-Romainvilliers,1,Appartement,55.0,3.0,2.815766,48.849664,2,2018,
2551332,2018-1069930,2018-02-07,Vente,202274.81,RUE DE PARIS,77307,Montévrain,1,Appartement,63.0,3.0,2.760877,48.857906,2,2018,
2551380,2018-1069955,2018-02-16,Vente,186000.0,COUR DE LA FORGE,77449,Serris,1,Appartement,56.0,3.0,2.789096,48.843444,2,2018,
2551407,2018-1069969,2018-02-16,Vente,438000.0,CRS DU RHIN,77449,Serris,1,Appartement,104.0,5.0,2.783806,48.858654,2,2018,5918.918918918919
2551425,2018-1069977,2018-02-13,Vente,227500.0,RUE DES LABOURS,77268,Magny-le-Hongre,1,Appartement,59.0,3.0,2.812047,48.870759,2,2018,
2551442,2018-1069985,2018-02-15,Vente,92500.0,RUE DES BERGES,77018,Bailly-Romainvilliers,1,Appartement,57.0,3.0,2.817996,48.850447,2,2018,
2551567,2018-1070056,2018-02-23,Vente,85000.0,RUE DE LA CHARBONNIERE,77307,Montévrain,1,Appartement,20.0,1.0,2.76756,48.853979,2,2018,
2551571,2018-1070058,2018-02-12,Vente,194000.0,RUE DU CLOS GIRARD,77111,Chessy,1,Appartement,54.0,3.0,2.769692,48.878821,2,2018,494.8979591836735
2551720,2018-1070147,2018-02-09,Vente,204000.0,RUE DES FERMES,77111,Chessy,2,Appartement,60.0,3.0,2.76691,48.877187,2,2018,
2551788,2018-1070176,2018-02-15,Vente,330000.0,RUE DE LA GALMY,77111,Chessy,1,Appartement,94.0,4.0,2.772108,48.855764,2,2018,27500.0
2551820,2018-1070193,2018-03-02,Vente,264000.0,AV DES FRENES,77307,Montévrain,1,Appartement,76.0,4.0,2.759956,48.871348,3,2018,
2551906,2018-1070241,2018-02-27,Vente,175000.0,RUE DES FERMES,77268,Magny-le-Hongre,1,Appartement,42.0,2.0,2.812748,48.865878,2,2018,
2551928,2018-1070252,2018-02-26,Vente,1.0,RUE DE L EPINETTE,77268,Magny-le-Hongre,1,Appartement,172.0,4.0,2.814431,48.865729,2,2018,0.005050505050505051
2552243,2018-1070371,2018-02-26,Vente,240000.0,RUE DE L EPINETTE,77268,Magny-le-Hongre,1,Appartement,63.0,3.0,2.81359,48.866809,2,2018,
2552281,2018-1070391,2018-03-07,Vente,88000.0,RUE D AMSTERDAM,77307,Montévrain,1,Appartement,22.0,1.0,2.76756,48.853979,3,2018,
2552291,2018-1070397,2018-03-02,Vente,137000.0,AV FRANCOIS MITTERRAND,77307,Montévrain,1,Appartement,38.0,1.0,2.759493,48.866719,3,2018,
2552294,2018-1070400,2018-02-16,Vente,116187.0,RUE DE LA BOISERIE,77268,Magny-le-Hongre,1,Appartement,19.0,1.0,2.820674,48.862311,2,2018,2323.74
2552340,2018-1070417,2018-02-28,Vente,371000.0,RUE DE BRUXELLES,77307,Montévrain,1,Appartement,85.0,4.0,2.761705,48.854971,2,2018,
2552370,2018-1070433,2018-03-07,Vente,248000.0,CHE DE L'ETANG,77268,Magny-le-Hongre,1,Appartement,68.0,3.0,2.811599,48.871358,3,2018,
2552375,2018-1070435,2018-03-07,Vente,295000.0,BD DU CHAMP DU MOULIN,77449,Serris,1,Appartement,90.0,4.0,2.787419,48.849427,3,2018,
2552407,2018-1070454,2018-03-05,Vente,84000.0,RUE DE LA CHARBONNIERE,77307,Montévrain,1,Appartement,21.0,1.0,2.76756,48.853979,3,2018,
2552467,2018-1070487,2018-02-28,Vente,86000.0,RUE DE LA CHARBONNIERE,77307,Montévrain,1,Appartement,22.0,1.0,2.76756,48.853979,2,2018,
2552477,2018-1070493,2018-02-23,Vente,185000.0,RUE VASCO DE GAMA,77449,Serris,1,Appartement,44.0,2.0,2.787668,48.853321,2,2018,
2552517,2018-1070513,2018-03-05,Vente,117000.0,RUE DE LA CHARBONNIERE,77307,Montévrain,1,Appartement,30.0,1.0,2.76756,48.853979,3,2018,
2552518,2018-1070514,2018-02-26,Vente,252000.0,AV DES FRENES,77307,Montévrain,2,Appartement,69.0,3.0,2.761009,48.871225,2,2018,
2552536,2018-1070524,2018-03-05,Vente,130000.0,RUE DE LA CHARBONNIERE,77307,Montévrain,1,Appartement,40.0,1.0,2.76756,48.853979,3,2018,2166.6666666666665
2552537,2018-1070525,2018-02-28,Vente,116000.0,RUE DU BOIS DE PARIS,77111,Chessy,1,Appartement,22.0,1.0,2.775748,48.857991,2,2018,1160.0
2552583,2018-1070554,2018-03-06,Vente,163300.0,CHE DES VERGERS,77111,Chessy,1,Appartement,49.0,1.0,2.765459,48.87795,3,2018,
2552589,2018-1070557,2018-03-15,Vente,190000.0,RUE DES GRANDS PRES,77111,Chessy,2,Appartement,46.0,2.0,2.774476,48.857538,3,2018,6333.333333333333
2552703,2018-1070586,2018-03-13,Vente,213060.0,AV DES FRENES,77307,Montévrain,1,Appartement,52.0,3.0,2.759956,48.871348,3,2018,
2552715,2018-1070594,2018-03-14,Vente,175000.0,RUE DES FERMES,77268,Magny-le-Hongre,1,Appartement,44.0,2.0,2.812748,48.865878,3,2018,2868.8524590163934
2552721,2018-1070600,2018-03-12,Vente,136000.0,AV DE LA SOCIETE DES NATIONS,77307,Montévrain,1,Appartement,36.0,2.0,2.758432,48.866784,3,2018,
2552747,2018-1070614,2018-03-08,Vente,205500.0,AV DES FRENES,77307,Montévrain,1,Appartement,53.0,3.0,2.759956,48.871348,3,2018,3314.516129032258
2552863,2018-1070628,2018-03-08,Vente,210000.0,RUE DE L EPINETTE,77268,Magny-le-Hongre,1,Appartement,61.0,3.0,2.81359,48.866809,3,2018,
2553050,2018-1070720,2018-03-19,Vente,165000.0,RUE DES BERGES,77018,Bailly-Romainvilliers,1,Appartement,56.0,3.0,2.817062,48.850198,3,2018,
2553078,2018-1070736,2018-03-06,Vente,240136.38,AV DE LA SOCIETE DES NATIONS,77307,Montévrain,1,Appartement,74.0,4.0,2.760877,48.857906,3,2018,
2553119,2018-1070756,2018-03-08,Vente,213000.0,RUE DE LAGNY,77449,Serris,1,Appartement,55.0,2.0,2.785166,48.842692,3,2018,6085.714285714285
2553132,2018-1070766,2018-03-22,Vente,227000.0,RUE DE BRUXELLES,77307,Montévrain,1,Appartement,60.0,3.0,2.762698,48.855472,3,2018,
2553139,2018-1070769,2018-03-23,Vente,160500.0,RUE DE L EPINETTE,77268,Magny-le-Hongre,1,Appartement,39.0,2.0,2.815136,48.870075,3,2018,
2553165,2018-1070783,2018-03-21,Vente,85000.0,RUE DE LA CHARBONNIERE,77307,Montévrain,1,Appartement,22.0,1.0,2.76756,48.853979,3,2018,1075.9493670886077
2553213,2018-1070813,2018-03-09,Vente,100000.0,RUE D AMSTERDAM,77307,Montévrain,1,Appartement,22.0,1.0,2.76756,48.853979,3,2018,1282.051282051282
2553344,2018-1070869,2018-03-16,Vente,248900.0,RUE DE PRAGUE,77307,Montévrain,1,Appartement,63.0,3.0,2.7628,48.853901,3,2018,2416.5048543689322
2553429,2018-1070908,2018-03-29,Vente,151300.0,CRS DU TAGE,77449,Serris,1,Appartement,29.0,1.0,2.78621,48.852987,3,2018,
2553430,2018-1070908,2018-03-29,Vente,151300.0,CRS DU TAGE,77449,Serris,1,Appartement,54.0,2.0,2.78621,48.852987,3,2018,1543.8775510204082
2553433,2018-1070909,2018-03-16,Vente,200000.0,RUE DE PRAGUE,77307,Montévrain,1,Appartement,47.0,2.0,2.76312,48.854849,3,2018,2597.4025974025976
2553449,2018-1070917,2018-03-22,Vente,167000.0,AV DES FRENES,77307,Montévrain,1,Appartement,40.0,2.0,2.759956,48.871348,3,2018,
2553459,2018-1070920,2018-03-20,Vente,132000.0,AV DE LA SOCIETE DES NATIONS,77307,Montévrain,1,Appartement,40.0,2.0,2.758432,48.866784,3,2018,
2553501,2018-1070942,2018-03-22,Vente,340200.0,RUE DES GROUETTES,77268,Magny-le-Hongre,1,Appartement,118.0,6.0,2.813544,48.869274,3,2018,
2553505,2018-1070944,2018-03-26,Vente,288000.0,CRS DE LA GARONNE,77449,Serris,1,Appartement,62.0,3.0,2.786107,48.855312,3,2018,
2553550,2018-1070967,2018-03-16,Vente,255800.0,AV DE LA SOCIETE DES NATIONS,77307,Montévrain,1,Appartement,65.0,4.0,2.760658,48.85677,3,2018,
2553577,2018-1070984,2018-03-30,Vente,278000.0,CRS DE LA GARONNE,77449,Serris,2,Appartement,65.0,3.0,2.786107,48.855312,3,2018,4343.75
2553642,2018-1071017,2018-03-23,Vente,330000.0,RUE DES LABOURS,77268,Magny-le-Hongre,1,Appartement,85.0,4.0,2.812858,48.870326,3,2018,6734.693877551021
2553692,2018-1071042,2018-03-23,Vente,231000.0,RUE DE PARIS,77018,Bailly-Romainvilliers,1,Appartement,63.0,3.0,2.81983,48.845924,3,2018,2457.446808510638
2553695,2018-1071043,2018-03-23,Vente,304000.0,RUE DU BOIS DE PARIS,77111,Chessy,1,Appartement,81.0,3.0,2.775748,48.857991,3,2018,2690.265486725664
2553697,2018-1071044,2018-03-26,Vente,136000.0,AV DE LA SOCIETE DES NATIONS,77307,Montévrain,1,Appartement,40.0,2.0,2.758432,48.866784,3,2018,1214.2857142857142
2553698,2018-1071045,2018-03-20,Vente,264150.0,CRS DE LA GARONNE,77449,Serris,1,Appartement,65.0,3.0,2.786383,48.854788,3,2018,2840.3225806451615
2553717,2018-1071053,2018-03-26,Vente,462000.0,RUE DE VIENNE,77307,Montévrain,1,Appartement,107.0,4.0,2.760611,48.856017,3,2018,
2553745,2018-1071067,2018-03-30,Vente,86000.0,RUE DE LA CHARBONNIERE,77307,Montévrain,1,Appartement,22.0,1.0,2.76756,48.853979,3,2018,886.5979381443299
2553867,2018-1071123,2018-04-06,Vente,110700.0,CRS DU DANUBE,77449,Serris,1,Appartement,31.0,2.0,2.78639,48.855954,4,2018,
2553966,2018-1071147,2018-03-30,Vente,70000.0,RUE DE LA CHARBONNIERE,77307,Montévrain,1,Appartement,22.0,1.0,2.76756,48.853979,3,2018,
2554020,2018-1071172,2018-03-23,Vente,215000.0,CRS DE LA GARONNE,77449,Serris,1,Appartement,64.0,3.0,2.786383,48.854788,3,2018,
2554026,2018-1071175,2018-04-03,Vente,220000.0,PL CECILE SABOURAUD,77111,Chessy,1,Appartement,70.0,3.0,2.765983,48.878966,4,2018,3548.3870967741937
2554083,2018-1071206,2018-03-23,Vente,114311.0,CRS DU DANUBE,77449,Serris,1,Appartement,27.0,2.0,2.78639,48.855954,3,2018,
2554285,2018-1071311,2018-04-04,Vente,300000.0,RUE DES CELTES,77449,Serris,1,Appartement,76.0,3.0,2.786552,48.857418,4,2018,
2554289,2018-1071312,2018-04-12,Vente,165000.0,AV DE LA SOCIETE DES NATIONS,77307,Montévrain,1,Appartement,41.0,2.0,2.763609,48.8543,4,2018,1813.1868131868132
2554340,2018-1071338,2018-03-29,Vente,215000.0,RUE DES BERGES,77018,Bailly-Romainvilliers,1,Appartement,72.0,3.0,2.817062,48.850198,3,2018,
2554355,2018-1071345,2018-03-22,Vente,169000.0,AV DE LA SOCIETE DES NATIONS,77307,Montévrain,1,Appartement,58.0,3.0,2.758432,48.866784,3,2018,3380.0
2554378,2018-1071355,2018-04-16,Vente,190000.0,RUE DE LA CLE DES CHAMPS,77268,Magny-le-Hongre,1,Appartement,81.0,4.0,2.815862,48.867012,4,2018,
2554395,2018-1071364,2018-04-10,Vente,185000.0,CRS DE L ELBE,77449,Serris,1,Appartement,41.0,2.0,2.786552,48.857418,4,2018,
2554463,2018-1071377,2018-04-09,Vente,257000.0,RUE DU BOIS DE PARIS,77111,Chessy,1,Appartement,66.0,3.0,2.775748,48.857991,4,2018,
2554491,2018-1071390,2018-04-11,Vente,253000.0,RUE EMILE CLOUD,77449,Serris,1,Appartement,78.0,4.0,2.787419,48.849427,4,2018,
2554625,2018-1071433,2018-04-06,Vente,233000.0,RUE EMILE CLOUD,77449,Serris,1,Appartement,63.0,3.0,2.787261,48.848767,4,2018,
2554684,2018-1071462,2018-04-19,Vente,84000.0,RUE DE LA CHARBONNIERE,77307,Montévrain,1,Appartement,21.0,1.0,2.76756,48.853979,4,2018,
2554730,2018-1071488,2018-04-13,Vente,257000.0,AV DE LA SOCIETE DES NATIONS,77307,Montévrain,1,Appartement,80.0,4.0,2.760658,48.85677,4,2018,1976.923076923077
2554735,2018-1071491,2018-04-19,Vente,84000.0,RUE D AMSTERDAM,77307,Montévrain,1,Appartement,22.0,1.0,2.76756,48.853979,4,2018,
2554738,2018-1071493,2018-04-20,Vente,155000.0,RUE DU MOULIN A VENT,77268,Magny-le-Hongre,1,Appartement,35.0,2.0,2.809717,48.867114,4,2018,
2554766,2018-1071508,2018-04-03,Vente,163000.0,AV DES FRENES,77307,Montévrain,1,Appartement,46.0,2.0,2.759956,48.871348,4,2018,1811.111111111111
2554786,2018-1071515,2018-03-30,Vente,255700.0,RUE DES LABOURS,77268,Magny-le-Hongre,1,Appartement,69.0,3.0,2.811919,48.870305,3,2018,
2554787,2018-1071516,2018-04-03,Vente,87000.0,RUE DE LA CHARBONNIERE,77307,Montévrain,1,Appartement,22.0,1.0,2.76756,48.853979,4,2018,
2554831,2018-1071545,2018-04-05,Vente,225000.0,RUE DES FERMES,77111,Chessy,2,Appartement,65.0,3.0,2.76691,48.877187,4,2018,7500.0
2554885,2018-1071577,2018-04-25,Vente,240000.0,RUE DE COPENHAGUE,77307,Montévrain,2,Appartement,60.0,3.0,2.762638,48.856725,4,2018,2400.0
2554959,2018-1071618,2018-04-03,Vente,80000.0,RUE DE LA CHARBONNIERE,77307,Montévrain,1,Appartement,22.0,1.0,2.76756,48.853979,4,2018,
2554970,2018-1071622,2018-04-20,Vente,197106.0,RUE DE LA HOUE,77268,Magny-le-Hongre,1,Appartement,49.0,2.0,2.813762,48.870283,4,2018,
2555117,2018-1071682,2018-04-11,Vente,192000.0,RUE DE BRUXELLES,77307,Montévrain,1,Appartement,46.0,2.0,2.762698,48.855472,4,2018,
2555168,2018-1071703,2018-04-16,Vente,208000.0,COUR DE LA FORGE,77449,Serris,1,Appartement,56.0,3.0,2.789096,48.843444,4,2018,
2555187,2018-1071714,2018-04-16,Vente,95000.0,RUE DES BERGES,77018,Bailly-Romainvilliers,1,Appartement,24.0,1.0,2.817062,48.850198,4,2018,
2555205,2018-1071726,2018-04-18,Vente,190000.0,RUE DE LA CLE DES CHAMPS,77268,Magny-le-Hongre,1,Appartement,79.0,4.0,2.815862,48.867012,4,2018,
2555288,2018-1071766,2018-04-27,Vente,100000.0,SQ PAUL GAUGUIN,77268,Magny-le-Hongre,1,Appartement,20.0,1.0,2.812375,48.862491,4,2018,
2555293,2018-1071767,2018-04-11,Vente,317000.0,RUE VASCO DE GAMA,77449,Serris,1,Appartement,84.0,4.0,2.787538,48.853941,4,2018,2365.6716417910447
2555447,2018-1071839,2018-04-20,Vente,177000.0,RUE DE LA HOUE,77268,Magny-le-Hongre,1,Appartement,43.0,2.0,2.813762,48.870283,4,2018,
2555449,2018-1071841,2018-04-12,Vente,335000.0,RUE DES SCANDINAVES,77449,Serris,1,Appartement,62.0,3.0,2.787996,48.858659,4,2018,5403.225806451613
2555455,2018-1071844,2018-04-25,Vente,85000.0,RUE D AMSTERDAM,77307,Montévrain,1,Appartement,22.0,1.0,2.76756,48.853979,4,2018,1545.4545454545455
2555513,2018-1071875,2018-04-27,Vente,165000.0,AV DES FRENES,77307,Montévrain,3,Appartement,38.0,2.0,2.761009,48.871225,4,2018,2357.1428571428573
2555564,2018-1071901,2018-04-30,Vente,290000.0,RUE DU PUITS,77449,Serris,1,Appartement,88.0,4.0,2.785773,48.841844,4,2018,
2555794,2018-1072008,2018-05-02,Vente,129000.0,BD DE LA MARSANGE,77018,Bailly-Romainvilliers,1,Appartement,30.0,1.0,2.818068,48.844633,5,2018,
2555839,2018-1072030,2018-05-03,Vente,158000.0,ALL DE DUBLIN,77307,Montévrain,1,Appartement,36.0,2.0,2.766132,48.854328,5,2018,
2555870,2018-1072049,2018-04-27,Vente,165000.0,COUR DE LA FORGE,77449,Serris,1,Appartement,40.0,2.0,2.789096,48.843444,4,2018,4125.0
2555928,2018-1072086,2018-05-04,Vente,179000.0,AV FRANCOIS MITTERRAND,77307,Montévrain,1,Appartement,53.0,2.0,2.759493,48.866719,5,2018,
2555995,2018-1072122,2018-04-19,Vente,108000.0,PL DE L EUROPE,77018,Bailly-Romainvilliers,1,Appartement,25.0,1.0,2.820184,48.850697,4,2018,1102.0408163265306
2555996,2018-1072123,2018-05-07,Vente,255550.0,RUE DES TOURNELLES,77111,Chessy,1,Appartement,66.0,3.0,2.772249,48.878729,5,2018,
2556017,2018-1072133,2018-05-14,Vente,222140.0,RUE DE BRUXELLES,77307,Montévrain,1,Appartement,59.0,3.0,2.76312,48.854849,5,2018,
2556039,2018-1072143,2018-05-11,Vente,240000.0,RUE DE PRAGUE,77307,Montévrain,2,Appartement,65.0,3.0,2.762352,48.854315,5,2018,
2556097,2018-1072172,2018-05-15,Vente,337400.0,RUE DE PRAGUE,77307,Montévrain,2,Appartement,78.0,3.0,2.762352,48.854315,5,2018,
2556112,2018-1072180,2018-05-11,Vente,64800.0,RUE DE VIENNE,77307,Montévrain,1,Appartement,48.0,2.0,2.7617,48.856367,5,2018,1440.0
2556123,2018-1072185,2018-05-03,Vente,87000.0,RUE DE LA CHARBONNIERE,77307,Montévrain,1,Appartement,22.0,1.0,2.76756,48.853979,5,2018,2175.0
2556139,2018-1072193,2018-05-04,Vente,198155.22,RUE DES MURONS,77018,Bailly-Romainvilliers,1,Appartement,44.0,2.0,2.827852,48.854494,5,2018,1905.3386538461539
2556164,2018-1072204,2018-05-02,Vente,255000.0,AV DES FRENES,77307,Montévrain,1,Appartement,66.0,3.0,2.759956,48.871348,5,2018,
2556166,2018-1072205,2018-04-27,Vente,147250.0,RUE DES BERGES,77018,Bailly-Romainvilliers,1,Appartement,36.0,2.0,2.815766,48.849664,4,2018,
2556205,2018-1072230,2018-05-18,Vente,152000.0,RUE DES BERGES,77018,Bailly-Romainvilliers,1,Appartement,36.0,2.0,2.817996,48.850447,5,2018,2714.285714285714
2556277,2018-1072274,2018-05-04,Vente,195000.0,RUE DE L EPINETTE,77268,Magny-le-Hongre,1,Appartement,43.0,2.0,2.815136,48.870075,5,2018,2142.8571428571427
2556291,2018-1072282,2018-05-04,Vente,188000.0,RUE DE PRAGUE,77307,Montévrain,1,Appartement,46.0,2.0,2.76312,48.854849,5,2018,
2556341,2018-1072305,2018-05-04,Vente,152576.81,AV DE LA SOCIETE DES NATIONS,77307,Montévrain,1,Appartement,45.0,2.0,2.760877,48.857906,5,2018,
2556409,2018-1072343,2018-05-18,Vente,172000.0,RUE DE LA CLE DES CHAMPS,77268,Magny-le-Hongre,1,Appartement,68.0,3.0,2.815862,48.867012,5,2018,
2556451,2018-1072364,2018-05-25,Vente,111800.0,RUE DE LA CHARBONNIERE,77307,Montévrain,1,Appartement,30.0,1.0,2.76756,48.853979,5,2018,1202.1505376344087
2556458,2018-1072367,2018-05-16,Vente,275000.0,RUE DE PARIS,77307,Montévrain,1,Appartement,85.0,4.0,2.759204,48.858084,5,2018,3437.5
2556460,2018-1072369,2018-05-25,Vente,124000.0,RUE DES BERGES,77018,Bailly-Romainvilliers,1,Appartement,24.0,1.0,2.817996,48.850447,5,2018,1476.1904761904761
2556462,2018-1072371,2018-05-25,Vente,252000.0,RUE DE LA MORTE PAYE,77449,Serris,1,Appartement,70.0,3.0,2.787867,48.842145,5,2018,
2556475,2018-1072380,2018-05-25,Vente,189000.0,AV DES FRENES,77307,Montévrain,1,Appartement,45.0,2.0,2.759956,48.871348,5,2018,
2556490,2018-1072389,2018-05-18,Vente,232925.11,RUE DES BERGES,77018,Bailly-Romainvilliers,1,Appartement,60.0,3.0,2.816385,48.850055,5,2018,
2556534,2018-1072412,2018-05-22,Vente,183000.0,RUE DES LABOURS,77268,Magny-le-Hongre,1,Appartement,50.0,2.0,2.812858,48.870326,5,2018,2440.0
2556602,2018-1072443,2018-05-23,Vente,218000.0,AV DES FRENES,77307,Montévrain,1,Appartement,51.0,3.0,2.759956,48.871348,5,2018,
2556609,2018-1072447,2018-05-22,Vente,180000.0,RUE DES LABOURS,77268,Magny-le-Hongre,1,Appartement,43.0,2.0,2.812047,48.870759,5,2018,
2556623,2018-1072457,2018-05-16,Vente,149000.0,ALL DE DUBLIN,77307,Montévrain,1,Appartement,38.0,2.0,2.766132,48.854328,5,2018,1460.7843137254902
2556627,2018-1072459,2018-04-27,Vente,157000.0,PL DE L EUROPE,77018,Bailly-Romainvilliers,1,Appartement,37.0,2.0,2.820184,48.850697,4,2018,826.3157894736842
2556634,2018-1072462,2018-05-16,Vente,132000.0,AV FRANCOIS MITTERRAND,77307,Montévrain,1,Appartement,34.0,1.0,2.759493,48.866719,5,2018,1609.7560975609756
2556644,2018-1072468,2018-05-22,Vente,88000.0,RUE DE LA CHARBONNIERE,77307,Montévrain,1,Appartement,20.0,1.0,2.76756,48.853979,5,2018,
2556648,2018-1072471,2018-05-16,Vente,176000.0,RUE DE L EPINETTE,77268,Magny-le-Hongre,1,Appartement,37.0,2.0,2.814847,48.869084,5,2018,7040.0
2556681,2018-1072486,2018-05-18,Vente,36600.0,ALL DE DUBLIN,77307,Montévrain,1,Appartement,43.0,2.0,2.766796,48.854878,5,2018,
2556760,2018-1072528,2018-05-18,Vente,305000.0,RUE DE LA HOUE,77268,Magny-le-Hongre,1,Appartement,74.0,4.0,2.813762,48.870283,5,2018,6489.36170212766
2556777,2018-1072538,2018-05-18,Vente,165140.0,RUE DE PRAGUE,77307,Montévrain,1,Appartement,38.0,2.0,2.762352,48.854315,5,2018,2752.3333333333335
2556810,2018-1072554,2018-05-31,Vente,92800.0,RUE D AMSTERDAM,77307,Montévrain,1,Appartement,22.0,1.0,2.76756,48.853979,5,2018,1091.764705882353
2556822,2018-1072562,2018-05-18,Vente,158000.0,PL D AMILLY,77449,Serris,1,Appartement,37.0,2.0,2.787103,48.843547,5,2018,2724.137931034483
2556891,2018-1072589,2018-05-29,Vente,128500.0,RUE DES BERGES,77018,Bailly-Romainvilliers,1,Appartement,46.0,2.0,2.815766,48.849664,5,2018,
2557012,2018-1072651,2018-05-25,Vente,376000.0,CRS DE LA GARONNE,77449,Serris,2,Appartement,105.0,5.0,2.78621,48.852987,5,2018,
2557017,2018-1072655,2018-05-25,Vente,140000.0,RUE DES LIVRAINS,77111,Chessy,2,Appartement,24.0,2.0,2.774476,48.857538,5,2018,
2557039,2018-1072666,2018-05-18,Vente,107000.0,RUE DES ANDAINS,77268,Magny-le-Hongre,1,Appartement,26.0,1.0,2.81236,48.865247,5,2018,1981.4814814814815
2557058,2018-1072676,2018-05-25,Vente,155000.0,AV FRANCOIS MITTERRAND,77307,Montévrain,1,Appartement,58.0,2.0,2.759493,48.866719,5,2018,1722.2222222222222
2557063,2018-1072678,2018-05-25,Vente,224000.0,RUE DE VIENNE,77307,Montévrain,1,Appartement,59.0,3.0,2.760611,48.856017,5,2018,
2557151,2018-1072729,2018-06-08,Vente,171000.0,RUE DU MOULIN A VENT,77268,Magny-le-Hongre,1,Appartement,39.0,2.0,2.812264,48.866276,6,2018,2085.3658536585367
2557257,2018-1072770,2018-06-08,Vente,280000.0,CRS DE LA GARONNE,77449,Serris,2,Appartement,67.0,3.0,2.786383,48.854788,6,2018,
2557382,2018-1072837,2018-06-06,Vente,202000.0,RUE DES LABOURS,77268,Magny-le-Hongre,1,Appartement,51.0,2.0,2.812858,48.870326,6,2018,
2557386,2018-1072839,2018-06-06,Vente,209000.0,CRS DU TAGE,77449,Serris,1,Appartement,49.0,2.0,2.786741,48.85467,6,2018,
2557453,2018-1072867,2018-06-04,Vente,151500.0,CRS DE LA GARONNE,77449,Serris,2,Appartement,81.0,4.0,2.786107,48.855312,6,2018,
2557495,2018-1072885,2018-06-01,Vente,159000.0,SQ PAUL GAUGUIN,77268,Magny-le-Hongre,1,Appartement,47.0,1.0,2.812375,48.862491,6,2018,
2557497,2018-1072886,2018-06-01,Vente,145500.0,RUE DE LA HOUE,77268,Magny-le-Hongre,1,Appartement,31.0,1.0,2.813762,48.870283,6,2018,
2557501,2018-1072887,2018-06-01,Vente,195000.0,RUE DES BERGES,77018,Bailly-Romainvilliers,1,Appartement,56.0,3.0,2.815766,48.849664,6,2018,4239.130434782609
2557523,2018-1072901,2018-05-24,Vente,252000.0,CRS DU TAGE,77449,Serris,1,Appartement,67.0,3.0,2.786913,48.854067,5,2018,
2557534,2018-1072906,2018-05-21,Vente,150000.0,RUE DES FERMES,77268,Magny-le-Hongre,2,Appartement,45.0,2.0,2.812748,48.865878,5,2018,
2557558,2018-1072918,2018-06-11,Vente,180000.0,RUE DES LABOURS,77268,Magny-le-Hongre,1,Appartement,43.0,2.0,2.812858,48.870326,6,2018,4000.0
2557617,2018-1072947,2018-05-25,Vente,189000.0,AV DES FRENES,77307,Montévrain,1,Appartement,41.0,2.0,2.759956,48.871348,5,2018,1817.3076923076924
2557676,2018-1072977,2018-06-08,Vente,193000.0,RUE DE LA CLE DES CHAMPS,77268,Magny-le-Hongre,1,Appartement,85.0,4.0,2.815862,48.867012,6,2018,3163.934426229508
2557879,2018-1073079,2018-06-08,Vente,173000.0,RUE DE PARIS,77018,Bailly-Romainvilliers,1,Appartement,43.0,2.0,2.81983,48.845924,6,2018,2276.315789473684
2557924,2018-1073105,2018-05-28,Vente,105000.0,RUE DE L EGLISE,77268,Magny-le-Hongre,1,Appartement,26.0,1.0,2.81236,48.865247,5,2018,
2557988,2018-1073141,2018-06-15,Vente,248620.0,RUE DE COPENHAGUE,77307,Montévrain,1,Appartement,60.0,3.0,2.762638,48.856725,6,2018,
2558029,2018-1073163,2018-06-14,Vente,248000.0,RUE DES VENVOLLES,77018,Bailly-Romainvilliers,1,Appartement,72.0,4.0,2.820459,48.85012,6,2018,
2558036,2018-1073169,2018-06-14,Vente,81000.0,RUE D AMSTERDAM,77307,Montévrain,1,Appartement,22.0,1.0,2.76756,48.853979,6,2018,1173.9130434782608
2558048,2018-1073176,2018-06-15,Vente,278300.0,RUE DU CLOS GIRARD,77111,Chessy,1,Appartement,90.0,5.0,2.769692,48.878821,6,2018,4488.709677419355
2558104,2018-1073204,2018-06-19,Vente,280000.0,RUE DE PRAGUE,77307,Montévrain,1,Appartement,76.0,3.0,2.762352,48.854315,6,2018,3.9345736608397504
2558162,2018-1073226,2018-06-14,Vente,111000.0,RUE DES BERGES,77018,Bailly-Romainvilliers,1,Appartement,36.0,2.0,2.815766,48.849664,6,2018,828.3582089552239
2558238,2018-1073260,2018-06-15,Vente,230000.0,RUE DE LA CHARBONNIERE,77307,Montévrain,2,Appartement,62.0,3.0,2.765754,48.855891,6,2018,
2558242,2018-1073262,2018-06-15,Vente,91000.0,RUE D AMSTERDAM,77307,Montévrain,1,Appartement,22.0,1.0,2.76756,48.853979,6,2018,892.156862745098
2558246,2018-1073264,2018-06-07,Vente,295000.0,AV DES FRENES,77307,Montévrain,1,Appartement,89.0,4.0,2.759956,48.871348,6,2018,
2558257,2018-1073270,2018-06-15,Vente,201200.0,CRS DU TAGE,77449,Serris,2,Appartement,54.0,2.0,2.78621,48.852987,6,2018,3796.2264150943397
2558289,2018-1073284,2018-06-08,Vente,86000.0,RUE DE LA CHARBONNIERE,77307,Montévrain,1,Appartement,22.0,1.0,2.76756,48.853979,6,2018,1653.8461538461538
2558348,2018-1073316,2018-06-13,Vente,164300.0,CRS DE LA GARONNE,77449,Serris,1,Appartement,37.0,2.0,2.786107,48.855312,6,2018,2933.9285714285716
2558416,2018-1073348,2018-06-26,Vente,168500.0,ALL DE DUBLIN,77307,Montévrain,1,Appartement,40.0,2.0,2.766796,48.854878,6,2018,
2558438,2018-1073359,2018-06-21,Vente,273500.0,RUE DU CLOS GIRARD,77111,Chessy,1,Appartement,69.0,3.0,2.772249,48.878729,6,2018,2735.0
2558467,2018-1073374,2018-06-13,Vente,227500.0,AV DES FRENES,77307,Montévrain,1,Appartement,65.0,3.0,2.759956,48.871348,6,2018,
2558480,2018-1073381,2018-06-26,Vente,430000.0,CRS DE L ELBE,77449,Serris,1,Appartement,110.0,4.0,2.784357,48.856868,6,2018,5512.820512820513
2558524,2018-1073390,2018-06-21,Vente,308000.0,RUE DES SCANDINAVES,77449,Serris,1,Appartement,73.0,4.0,2.787996,48.858659,6,2018,
2558649,2018-1073463,2018-06-12,Vente,218502.0,RUE DE COPENHAGUE,77307,Montévrain,1,Appartement,59.0,3.0,2.763732,48.858075,6,2018,
2558688,2018-1073467,2018-06-07,Vente,136387.34,AV DE LA SOCIETE DES NATIONS,77307,Montévrain,1,Appartement,43.0,2.0,2.760877,48.857906,6,2018,
2558692,2018-1073469,2018-06-15,Vente,334000.0,RUE DE VIENNE,77307,Montévrain,1,Appartement,93.0,4.0,2.7617,48.856367,6,2018,
2558710,2018-1073475,2018-06-26,Vente,286216.0,CRS DU RHIN,77449,Serris,1,Appartement,70.0,3.0,2.783806,48.858654,6,2018,
2558754,2018-1073499,2018-06-26,Vente,120000.0,RUE DE LA CHARBONNIERE,77307,Montévrain,1,Appartement,27.0,1.0,2.76756,48.853979,6,2018,
2558814,2018-1073527,2018-06-25,Vente,234650.0,RUE DE LA CHARBONNIERE,77307,Montévrain,2,Appartement,63.0,3.0,2.765754,48.855891,6,2018,
2558995,2018-1073617,2018-07-07,Vente,186400.0,CRS DU DANUBE,77449,Serris,1,Appartement,43.0,2.0,2.775601,48.855965,7,2018,1620.8695652173913
2559017,2018-1073627,2018-07-02,Vente,154500.0,RUE DU MOULIN A VENT,77268,Magny-le-Hongre,1,Appartement,35.0,2.0,2.809717,48.867114,7,2018,1716.6666666666667
2559094,2018-1073659,2018-06-29,Vente,285000.0,RUE DE L EPINETTE,77268,Magny-le-Hongre,1,Appartement,61.0,3.0,2.813773,48.86518,6,2018,
2559231,2018-1073729,2018-07-02,Vente,88000.0,RUE DE LA CHARBONNIERE,77307,Montévrain,1,Appartement,21.0,1.0,2.76756,48.853979,7,2018,
2559240,2018-1073732,2018-07-04,Vente,256500.0,RUE DE LA FONTAINE ROUGE,77111,Chessy,1,Appartement,66.0,3.0,2.773342,48.855841,7,2018,2850.0
2559306,2018-1073764,2018-06-16,Vente,85000.0,RUE DE LA CHARBONNIERE,77307,Montévrain,1,Appartement,22.0,1.0,2.76756,48.853979,6,2018,685.483870967742
2559313,2018-1073769,2018-07-02,Vente,208000.0,PL D AMILLY,77449,Serris,1,Appartement,41.0,2.0,2.787103,48.843547,7,2018,4837.209302325581
2559588,2018-1073860,2018-07-13,Vente,190000.0,RUE DE LA CLE DES CHAMPS,77268,Magny-le-Hongre,1,Appartement,81.0,4.0,2.815862,48.867012,7,2018,1544.7154471544716
2559602,2018-1073867,2018-06-20,Vente,323000.0,CRS DU DANUBE,77449,Serris,1,Appartement,80.0,4.0,2.775601,48.855965,6,2018,4681.159420289855
2559614,2018-1073874,2018-07-02,Vente,81000.0,RUE D AMSTERDAM,77307,Montévrain,1,Appartement,22.0,1.0,2.76756,48.853979,7,2018,835.0515463917526
2559618,2018-1073878,2018-07-10,Vente,228000.0,RUE DE MAGNY,77018,Bailly-Romainvilliers,1,Appartement,66.0,3.0,2.820078,48.849716,7,2018,
2559691,2018-1073919,2018-07-04,Vente,470000.0,RUE DES SCANDINAVES,77449,Serris,1,Appartement,95.0,4.0,2.787996,48.858659,7,2018,
2559700,2018-1073923,2018-07-13,Vente,174000.0,PASS DU FOUR,77111,Chessy,1,Appartement,37.0,2.0,2.768978,48.878094,7,2018,
2559753,2018-1073954,2018-07-05,Vente,180000.0,ESP DU TOQUE BOIS,77018,Bailly-Romainvilliers,1,Appartement,61.0,3.0,2.824816,48.852132,7,2018,
2559927,2018-1074043,2018-07-13,Vente,177000.0,RUE DE BRUXELLES,77307,Montévrain,1,Appartement,41.0,2.0,2.762698,48.855472,7,2018,1966.6666666666667
2559928,2018-1074044,2018-07-10,Vente,230000.0,ALL DE ZURICH,77307,Montévrain,1,Appartement,59.0,3.0,2.764325,48.856141,7,2018,
2560014,2018-1074091,2018-07-06,Vente,129000.0,RUE DU MOULIN A VENT,77268,Magny-le-Hongre,1,Appartement,29.0,1.0,2.809717,48.867114,7,2018,
2560047,2018-1074113,2018-07-17,Vente,88000.0,RUE D AMSTERDAM,77307,Montévrain,1,Appartement,22.0,1.0,2.76756,48.853979,7,2018,
2560070,2018-1074127,2018-07-20,Vente,240000.0,RUE DE COPENHAGUE,77307,Montévrain,2,Appartement,59.0,3.0,2.762638,48.856725,7,2018,
2560075,2018-1074129,2018-07-13,Vente,189370.3,RUE DE PRAGUE,77307,Montévrain,1,Appartement,48.0,2.0,2.762352,48.854315,7,2018,2826.4223880597015
2560136,2018-1074168,2018-07-20,Vente,257000.0,RUE DU MOULIN A VENT,77268,Magny-le-Hongre,1,Appartement,56.0,3.0,2.813132,48.866175,7,2018,
2560139,2018-1074170,2018-07-19,Vente,180000.0,PASS DU FOUR,77111,Chessy,1,Appartement,43.0,2.0,2.768978,48.878094,7,2018,1538.4615384615386
2560161,2018-1074183,2018-07-20,Vente,325000.0,CRS DE LA GARONNE,77449,Serris,2,Appartement,83.0,4.0,2.786107,48.855312,7,2018,3869.0476190476193
2560177,2018-1074190,2018-07-11,Vente,233608.31,AV DE LA SOCIETE DES NATIONS,77307,Montévrain,1,Appartement,74.0,4.0,2.760877,48.857906,7,2018,3435.416323529412
2560178,2018-1074191,2018-07-11,Vente,252742.0,RUE DE COPENHAGUE,77307,Montévrain,1,Appartement,79.0,4.0,2.763732,48.858075,7,2018,
2560218,2018-1074215,2018-07-23,Vente,477000.0,RUE DES SCANDINAVES,77449,Serris,1,Appartement,111.0,5.0,2.787996,48.858659,7,2018,
2560314,2018-1074262,2018-07-06,Vente,240000.0,RUE DE PRAGUE,77307,Montévrain,1,Appartement,65.0,3.0,2.762352,48.854315,7,2018,
2560320,2018-1074265,2018-07-20,Vente,194000.0,RUE DES LABOURS,77268,Magny-le-Hongre,1,Appartement,42.0,2.0,2.812858,48.870326,7,2018,
2560335,2018-1074272,2018-07-13,Vente,267000.0,RUE BOUDRY,77018,Bailly-Romainvilliers,1,Appartement,77.0,4.0,2.824728,48.846929,7,2018,
2560347,2018-1074278,2018-07-23,Vente,283000.0,CRS DE L ELBE,77449,Serris,1,Appartement,69.0,3.0,2.785284,48.857334,7,2018,
2560352,2018-1074281,2018-07-18,Vente,141000.0,RUE DE LA CHARBONNIERE,77307,Montévrain,1,Appartement,34.0,3.0,2.76756,48.853979,7,2018,2563.6363636363635
2560416,2018-1074309,2018-07-20,Vente,252000.0,RUE DES LABOURS,77268,Magny-le-Hongre,1,Appartement,65.0,3.0,2.812858,48.870326,7,2018,
2560651,2018-1074317,2018-07-09,Vente,348500.0,RUE DU BOIS DE PARIS,77111,Chessy,1,Appartement,88.0,4.0,2.775748,48.857991,7,2018,2151.2345679012346
2560677,2018-1074329,2018-07-23,Vente,75500.0,CRS DU DANUBE,77449,Serris,1,Appartement,26.0,1.0,2.78639,48.855954,7,2018,662.280701754386
2560780,2018-1074382,2018-07-27,Vente,120000.0,RUE DE LA CHARBONNIERE,77307,Montévrain,1,Appartement,27.0,1.0,2.76756,48.853979,7,2018,
2560784,2018-1074383,2018-07-19,Vente,250000.0,RUE DE PRAGUE,77307,Montévrain,1,Appartement,79.0,4.0,2.762352,48.854315,7,2018,1923.076923076923
2560787,2018-1074384,2018-07-19,Vente,260000.0,RUE DE PRAGUE,77307,Montévrain,1,Appartement,86.0,4.0,2.762352,48.854315,7,2018,2363.6363636363635
2560794,2018-1074389,2018-07-18,Vente,289000.0,RUE D ARIANE,77111,Chessy,1,Appartement,62.0,3.0,2.770143,48.85831,7,2018,
2560827,2018-1074407,2018-07-20,Vente,80000.0,RUE DE LA CHARBONNIERE,77307,Montévrain,1,Appartement,21.0,1.0,2.76756,48.853979,7,2018,1739.1304347826087
2560828,2018-1074408,2018-07-20,Vente,78000.0,RUE DE LA CHARBONNIERE,77307,Montévrain,1,Appartement,21.0,1.0,2.76756,48.853979,7,2018,1392.857142857143
2560863,2018-1074422,2018-07-26,Vente,165000.0,SEN MEREVILLE,77111,Chessy,1,Appartement,41.0,2.0,2.768978,48.878094,7,2018,
2560870,2018-1074426,2018-07-24,Vente,255000.0,RUE DE VIENNE,77307,Montévrain,1,Appartement,65.0,3.0,2.760611,48.856017,7,2018,2428.5714285714284
2560983,2018-1074486,2018-07-20,Vente,225000.0,RUE DE LA CHARBONNIERE,77307,Montévrain,1,Appartement,62.0,3.0,2.765754,48.855891,7,2018,
2560986,2018-1074487,2018-07-16,Vente,166900.0,RUE DES MURONS,77018,Bailly-Romainvilliers,1,Appartement,41.0,2.0,2.827996,48.853305,7,2018,
2561192,2018-1074594,2018-07-27,Vente,225000.0,CRS DU DANUBE,77449,Serris,1,Appartement,68.0,3.0,2.775601,48.855965,7,2018,
2561294,2018-1074645,2018-07-25,Vente,210000.0,RUE DU MOULIN A VENT,77268,Magny-le-Hongre,1,Appartement,57.0,3.0,2.809717,48.867114,7,2018,
2561450,2018-1074709,2018-07-30,Vente,167500.0,CRS DU DANUBE,77449,Serris,1,Appartement,43.0,2.0,2.775601,48.855965,7,2018,8375.0
2561499,2018-1074741,2018-08-03,Vente,280000.0,RUE DE ROME,77307,Montévrain,1,Appartement,67.0,3.0,2.759889,48.859152,8,2018,
2561532,2018-1074753,2018-08-03,Vente,232000.0,AV DES FRENES,77307,Montévrain,1,Appartement,65.0,3.0,2.759956,48.871348,8,2018,
2561550,2018-1074763,2018-07-18,Vente,255000.0,RUE DU FOSSE MIGNARD,77111,Chessy,1,Appartement,59.0,3.0,2.771584,48.858613,7,2018,
2561564,2018-1074770,2018-08-03,Vente,162000.0,PL DE L EUROPE,77018,Bailly-Romainvilliers,1,Appartement,37.0,2.0,2.820184,48.850697,8,2018,
2561572,2018-1074774,2018-08-06,Vente,335000.0,RUE DES LANVAUX,77268,Magny-le-Hongre,1,Appartement,80.0,4.0,2.817746,48.872051,8,2018,
2561675,2018-1074833,2018-08-09,Vente,88000.0,RUE D AMSTERDAM,77307,Montévrain,1,Appartement,22.0,1.0,2.76756,48.853979,8,2018,
2561683,2018-1074837,2018-07-24,Vente,265028.94,RUE DE PARIS,77307,Montévrain,1,Appartement,90.0,5.0,2.760877,48.857906,7,2018,6464.120487804878
2561856,2018-1074944,2018-08-09,Vente,350000.0,RUE DE LA FONTAINE ROUGE,77111,Chessy,1,Appartement,87.0,4.0,2.772307,48.856432,8,2018,5468.75
2562302,2018-1075113,2018-08-01,Vente,204625.08,RUE DE PARIS,77307,Montévrain,1,Appartement,59.0,3.0,2.760877,48.857906,8,2018,2526.2355555555555
2562611,2018-1075265,2018-08-07,Vente,162000.0,RUE DE L EGLISE,77268,Magny-le-Hongre,1,Appartement,43.0,2.0,2.81236,48.865247,8,2018,1285.7142857142858
2562662,2018-1075294,2018-07-31,Vente,110000.0,RUE DES LABOURS,77268,Magny-le-Hongre,1,Appartement,25.0,1.0,2.81279,48.863821,7,2018,
2562684,2018-1075308,2018-08-03,Vente,130000.0,RUE DE LA CHARBONNIERE,77307,Montévrain,1,Appartement,34.0,3.0,2.76756,48.853979,8,2018,2826.086956521739
2562723,2018-1075332,2018-08-01,Vente,119900.0,RUE D AMSTERDAM,77307,Montévrain,1,Appartement,26.0,1.0,2.76756,48.853979,8,2018,2854.7619047619046
2562724,2018-1075333,2018-07-20,Vente,80000.0,RUE DE LA CHARBONNIERE,77307,Montévrain,1,Appartement,22.0,1.0,2.76756,48.853979,7,2018,
2562744,2018-1075340,2018-08-06,Vente,243000.0,ESP DU TOQUE BOIS,77018,Bailly-Romainvilliers,1,Appartement,67.0,3.0,2.824816,48.852132,8,2018,1518.75
2562878,2018-1075411,2018-08-30,Vente,370000.0,CRS DE L ELBE,77449,Serris,1,Appartement,68.0,3.0,2.784357,48.856868,8,2018,5967.741935483871
2563046,2018-1075510,2018-09-07,Vente,222000.0,AV DES FRENES,77307,Montévrain,1,Appartement,60.0,3.0,2.759956,48.871348,9,2018,600.0
2563055,2018-1075514,2018-08-28,Vente,270000.0,CRS DU DANUBE,77449,Serris,1,Appartement,66.0,3.0,2.775601,48.855965,8,2018,2231.404958677686
2563118,2018-1075542,2018-08-08,Vente,187000.0,RUE DES LABOURS,77268,Magny-le-Hongre,1,Appartement,45.0,2.0,2.812858,48.870326,8,2018,
2563253,2018-1075616,2018-08-16,Vente,173000.0,RUE DE LA HOUE,77268,Magny-le-Hongre,1,Appartement,42.0,2.0,2.813762,48.870283,8,2018,
2563307,2018-1075624,2018-09-06,Vente,235000.0,AV DES FRENES,77307,Montévrain,2,Appartement,70.0,3.0,2.761009,48.871225,9,2018,4700.0
2563322,2018-1075631,2018-08-20,Vente,190000.0,RUE DE LA CHARBONNIERE,77307,Montévrain,1,Appartement,46.0,2.0,2.765754,48.855891,8,2018,4634.1463414634145
2563346,2018-1075641,2018-08-24,Vente,242000.0,RUE DES ECURIES,77268,Magny-le-Hongre,1,Appartement,65.0,3.0,2.820026,48.870909,8,2018,1905.5118110236222
2563357,2018-1075648,2018-08-24,Vente,254400.0,RUE DES GRANDS PRES,77111,Chessy,2,Appartement,63.0,3.0,2.774476,48.857538,8,2018,
2563364,2018-1075652,2018-08-23,Vente,155000.0,AV DES FRENES,77307,Montévrain,1,Appartement,36.0,2.0,2.759956,48.871348,8,2018,5344.827586206897
2563382,2018-1075659,2018-08-03,Vente,180407.8,BD DE LA MARSANGE,77018,Bailly-Romainvilliers,1,Appartement,45.0,2.0,2.818068,48.844633,8,2018,5819.606451612903
2563403,2018-1075669,2018-08-30,Vente,250000.0,ALL TISSANDIER,77449,Serris,1,Appartement,63.0,3.0,2.781783,48.845827,8,2018,2941.176470588235
2563412,2018-1075674,2018-08-31,Vente,141300.0,RUE D AMSTERDAM,77307,Montévrain,1,Appartement,30.0,1.0,2.76756,48.853979,8,2018,
2563439,2018-1075687,2018-08-28,Vente,312000.0,AV DES FRENES,77307,Montévrain,1,Appartement,76.0,4.0,2.759956,48.871348,8,2018,
2563469,2018-1075703,2018-09-04,Vente,261450.0,RUE DE PRAGUE,77307,Montévrain,1,Appartement,67.0,3.0,2.7628,48.853901,9,2018,
2563526,2018-1075734,2018-08-27,Vente,243900.0,RUE DE LA HOUE,77268,Magny-le-Hongre,1,Appartement,69.0,4.0,2.813762,48.870283,8,2018,
2563572,2018-1075762,2018-08-27,Vente,248000.0,RUE DE BRUXELLES,77307,Montévrain,1,Appartement,61.0,3.0,2.762698,48.855472,8,2018,
2563577,2018-1075764,2018-08-27,Vente,85000.0,RUE D AMSTERDAM,77307,Montévrain,1,Appartement,22.0,1.0,2.76756,48.853979,8,2018,
2563637,2018-1075768,2018-09-11,Vente,173700.0,RUE DE L EPINETTE,77268,Magny-le-Hongre,1,Appartement,47.0,2.0,2.815097,48.865945,9,2018,2144.4444444444443
2563665,2018-1075775,2018-07-27,Vente,83000.0,RUE DE LA CHARBONNIERE,77307,Montévrain,1,Appartement,22.0,1.0,2.76756,48.853979,7,2018,1886.3636363636363
2563681,2018-1075785,2018-09-11,Vente,235000.0,RUE EMILE CLOUD,77449,Serris,1,Appartement,59.0,3.0,2.787261,48.848767,9,2018,
2563730,2018-1075816,2018-08-30,Vente,87500.0,RUE D AMSTERDAM,77307,Montévrain,1,Appartement,22.0,1.0,2.76756,48.853979,8,2018,994.3181818181819
2563734,2018-1075819,2018-08-24,Vente,160000.0,SQ PAUL GAUGUIN,77268,Magny-le-Hongre,1,Appartement,47.0,2.0,2.812375,48.862491,8,2018,1904.7619047619048
2563746,2018-1075825,2018-08-21,Vente,290000.0,RUE DES ECURIES,77268,Magny-le-Hongre,1,Appartement,73.0,4.0,2.81913,48.870253,8,2018,
2563761,2018-1075833,2018-08-28,Vente,185000.0,RUE DE L EGLISE,77268,Magny-le-Hongre,1,Appartement,54.0,3.0,2.81236,48.865247,8,2018,
2563802,2018-1075858,2018-09-17,Vente,80000.0,RUE D AMSTERDAM,77307,Montévrain,1,Appartement,21.0,1.0,2.76756,48.853979,9,2018,
2563849,2018-1075886,2018-09-12,Vente,132500.0,RUE EMILE CLOUD,77449,Serris,1,Appartement,75.0,4.0,2.787261,48.848767,9,2018,
2563863,2018-1075895,2018-08-29,Vente,167500.0,CRS DU DANUBE,77449,Serris,1,Appartement,44.0,2.0,2.775601,48.855965,8,2018,
2563865,2018-1075896,2018-09-11,Vente,180000.0,RUE DE L EPINETTE,77268,Magny-le-Hongre,1,Appartement,46.0,2.0,2.815097,48.865945,9,2018,
2563873,2018-1075900,2018-09-10,Vente,183000.0,RUE DES FERMES,77111,Chessy,2,Appartement,46.0,2.0,2.76691,48.877187,9,2018,
2563898,2018-1075916,2018-09-11,Vente,255000.0,RUE DES LIVRAINS,77111,Chessy,1,Appartement,65.0,3.0,2.775748,48.857991,9,2018,
2563984,2018-1075960,2018-09-05,Vente,172000.0,AV DES FRENES,77307,Montévrain,1,Appartement,45.0,2.0,2.759956,48.871348,9,2018,
2564010,2018-1075972,2018-09-14,Vente,185668.0,RUE DES BERGES,77018,Bailly-Romainvilliers,1,Appartement,56.0,3.0,2.815766,48.849664,9,2018,
2564026,2018-1075984,2018-09-07,Vente,210000.0,RUE DE LA FONTAINE ROUGE,77111,Chessy,1,Appartement,48.0,2.0,2.77269,48.855585,9,2018,
2564032,2018-1075987,2018-09-06,Vente,241500.0,RUE DU CLOS GIRARD,77111,Chessy,1,Appartement,65.0,3.0,2.772804,48.879199,9,2018,
2564036,2018-1075989,2018-09-07,Vente,245000.0,RUE DE LA GALMY,77111,Chessy,1,Appartement,59.0,3.0,2.772307,48.856432,9,2018,
2564039,2018-1075990,2018-09-17,Vente,260000.0,RUE DU BOIS DE PARIS,77111,Chessy,1,Appartement,61.0,3.0,2.775748,48.857991,9,2018,
2564042,2018-1075991,2018-09-05,Vente,258000.0,CHE DE LA MARRE TORTILLE,77111,Chessy,1,Appartement,59.0,3.0,2.773509,48.878871,9,2018,
2564101,2018-1076016,2018-09-05,Vente,143000.0,RUE DE L AUNETTE,77018,Bailly-Romainvilliers,1,Appartement,35.0,1.0,2.820184,48.850697,9,2018,
2564105,2018-1076018,2018-07-26,Vente,270000.0,RUE D ARIANE,77111,Chessy,1,Appartement,64.0,3.0,2.770143,48.85831,7,2018,
2564106,2018-1076019,2018-08-28,Vente,120000.0,RUE DE L EPINETTE,77268,Magny-le-Hongre,1,Appartement,26.0,1.0,2.81359,48.866809,8,2018,
2564116,2018-1076024,2018-09-04,Vente,315000.0,AV DES FRENES,77307,Montévrain,1,Appartement,66.0,3.0,2.759956,48.871348,9,2018,
2564118,2018-1076025,2018-09-07,Vente,227500.0,RUE DE L EPINETTE,77268,Magny-le-Hongre,1,Appartement,53.0,2.0,2.814847,48.869084,9,2018,
2564180,2018-1076031,2018-09-03,Vente,197000.0,RUE DE LA HOUE,77268,Magny-le-Hongre,1,Appartement,52.0,2.0,2.813762,48.870283,9,2018,
2564209,2018-1076043,2018-09-14,Vente,348000.0,RUE DES GROUETTES,77268,Magny-le-Hongre,1,Appartement,72.0,4.0,2.813544,48.869274,9,2018,
2564293,2018-1076084,2018-09-10,Vente,137000.0,AV DE LA SOCIETE DES NATIONS,77307,Montévrain,1,Appartement,36.0,2.0,2.758432,48.866784,9,2018,
2564385,2018-1076135,2018-08-31,Vente,184000.0,RUE DE LA CLE DES CHAMPS,77268,Magny-le-Hongre,1,Appartement,60.0,3.0,2.815862,48.867012,8,2018,
2564401,2018-1076143,2018-09-05,Vente,209000.0,RUE DES LIVRAINS,77111,Chessy,2,Appartement,48.0,2.0,2.774476,48.857538,9,2018,
2564412,2018-1076148,2018-08-29,Vente,263530.0,CRS DU DANUBE,77449,Serris,1,Appartement,68.0,3.0,2.784357,48.856868,8,2018,
2564428,2018-1076158,2018-09-18,Vente,87400.0,CRS DU DANUBE,77449,Serris,1,Appartement,31.0,2.0,2.78639,48.855954,9,2018,
2564569,2018-1076229,2018-09-27,Vente,170000.0,RUE DU MOULIN A VENT,77268,Magny-le-Hongre,1,Appartement,36.0,2.0,2.809717,48.867114,9,2018,3090.909090909091
2564578,2018-1076234,2018-09-07,Vente,84000.0,RUE DE LA CHARBONNIERE,77307,Montévrain,1,Appartement,22.0,1.0,2.76756,48.853979,9,2018,1166.6666666666667
2564728,2018-1076310,2018-09-24,Vente,160000.0,ESP DES GUINANDIERS,77018,Bailly-Romainvilliers,1,Appartement,53.0,3.0,2.815999,48.849182,9,2018,
2564812,2018-1076361,2018-09-26,Vente,227000.0,RUE DE PRAGUE,77307,Montévrain,1,Appartement,62.0,3.0,2.76312,48.854849,9,2018,
2564844,2018-1076380,2018-09-21,Vente,224000.0,RUE DES FERMES,77111,Chessy,2,Appartement,64.0,3.0,2.76691,48.877187,9,2018,6222.222222222223
2564877,2018-1076395,2018-09-25,Vente,318000.0,RUE DU TAHURIAU,77018,Bailly-Romainvilliers,1,Appartement,100.0,5.0,2.823924,48.851721,9,2018,2628.099173553719
2564955,2018-1076418,2018-10-03,Vente,132000.0,AV DE LA SOCIETE DES NATIONS,77307,Montévrain,1,Appartement,36.0,2.0,2.758432,48.866784,10,2018,1517.2413793103449
2564961,2018-1076421,2018-10-01,Vente,88000.0,RUE DE LA CHARBONNIERE,77307,Montévrain,1,Appartement,20.0,1.0,2.76756,48.853979,10,2018,
2564980,2018-1076435,2018-09-27,Vente,158000.0,RUE DE LA CLE DES CHAMPS,77268,Magny-le-Hongre,1,Appartement,60.0,3.0,2.815862,48.867012,9,2018,
2565016,2018-1076452,2018-09-24,Vente,90000.0,RUE DES LABOURS,77268,Magny-le-Hongre,1,Appartement,21.0,1.0,2.81279,48.863821,9,2018,2812.5
2565039,2018-1076467,2018-10-03,Vente,135000.0,RUE DE MAGNY,77018,Bailly-Romainvilliers,1,Appartement,35.0,2.0,2.820078,48.849716,10,2018,1250.0
2565161,2018-1076528,2018-10-01,Vente,165000.0,ALL DE DUBLIN,77307,Montévrain,1,Appartement,47.0,2.0,2.765754,48.855891,10,2018,
2565214,2018-1076554,2018-09-21,Vente,168000.0,RUE DE LA CLE DES CHAMPS,77268,Magny-le-Hongre,1,Appartement,59.0,3.0,2.815862,48.867012,9,2018,
2565303,2018-1076571,2018-09-21,Vente,234500.0,RUE DE L EPINETTE,77268,Magny-le-Hongre,1,Appartement,61.0,3.0,2.815647,48.86949,9,2018,
2565338,2018-1076593,2018-10-05,Vente,226000.0,RUE DE PRAGUE,77307,Montévrain,2,Appartement,65.0,3.0,2.762352,48.854315,10,2018,869.2307692307693
2565359,2018-1076606,2018-09-20,Vente,202000.0,AV DES FRENES,77307,Montévrain,2,Appartement,54.0,3.0,2.761009,48.871225,9,2018,
2565392,2018-1076624,2018-09-18,Vente,265000.0,RUE DE STOCKHOLM,77307,Montévrain,1,Appartement,63.0,3.0,2.763196,48.858521,9,2018,2977.5280898876404
2565445,2018-1076653,2018-09-20,Vente,182400.0,AV DE LA SOCIETE DES NATIONS,77307,Montévrain,1,Appartement,42.0,2.0,2.763609,48.8543,9,2018,4145.454545454545
2565635,2018-1076763,2018-10-05,Vente,88000.0,RUE D AMSTERDAM,77307,Montévrain,1,Appartement,22.0,1.0,2.76756,48.853979,10,2018,1035.2941176470588
2565790,2018-1076846,2018-10-12,Vente,133000.0,AV DE LA SOCIETE DES NATIONS,77307,Montévrain,1,Appartement,40.0,2.0,2.758432,48.866784,10,2018,
2565791,2018-1076847,2018-10-05,Vente,268900.0,AV DES FRENES,77307,Montévrain,3,Appartement,70.0,3.0,2.761009,48.871225,10,2018,
2565845,2018-1076865,2018-09-20,Vente,260000.0,PL D AMILLY,77449,Serris,1,Appartement,78.0,4.0,2.787103,48.843547,9,2018,7878.787878787879
2565863,2018-1076873,2018-09-20,Vente,373000.0,PASS DU VIEUX CHENE,77111,Chessy,1,Appartement,80.0,4.0,2.761562,48.877172,9,2018,5738.461538461538
2565886,2018-1076877,2018-10-04,Vente,80000.0,RUE DE LA CHARBONNIERE,77307,Montévrain,1,Appartement,22.0,1.0,2.76756,48.853979,10,2018,
2565888,2018-1076878,2018-09-21,Vente,208000.0,RUE DE BRUXELLES,77307,Montévrain,1,Appartement,61.0,3.0,2.762698,48.855472,9,2018,
2565909,2018-1076888,2018-09-25,Vente,238500.0,AV DES FRENES,77307,Montévrain,1,Appartement,65.0,3.0,2.759956,48.871348,9,2018,2484.375
2566026,2018-1076952,2018-10-05,Vente,430000.0,RUE DES CELTES,77449,Serris,1,Appartement,91.0,4.0,2.786552,48.857418,10,2018,
2566124,2018-1076992,2018-09-27,Vente,209000.0,RUE DE BELLESANE,77018,Bailly-Romainvilliers,1,Appartement,58.0,3.0,2.815374,48.848782,9,2018,
2566208,2018-1077035,2018-09-26,Vente,360000.0,RUE DE PRAGUE,77307,Montévrain,2,Appartement,103.0,5.0,2.762352,48.854315,9,2018,
2566215,2018-1077039,2018-09-28,Vente,149000.0,AV FRANCOIS MITTERRAND,77307,Montévrain,1,Appartement,55.0,2.0,2.759493,48.866719,9,2018,
2566228,2018-1077046,2018-09-25,Vente,248900.0,RUE DES ECURIES,77268,Magny-le-Hongre,1,Appartement,59.0,3.0,2.81913,48.870253,9,2018,2074.1666666666665
2566348,2018-1077105,2018-10-16,Vente,215000.0,RUE DE COPENHAGUE,77307,Montévrain,1,Appartement,64.0,3.0,2.76297,48.856848,10,2018,
2566438,2018-1077156,2018-10-01,Vente,88000.0,RUE D AMSTERDAM,77307,Montévrain,1,Appartement,22.0,1.0,2.76756,48.853979,10,2018,
2566441,2018-1077159,2018-10-01,Vente,88000.0,RUE DE LA CHARBONNIERE,77307,Montévrain,1,Appartement,22.0,1.0,2.76756,48.853979,10,2018,
2566469,2018-1077175,2018-10-01,Vente,88000.0,RUE D AMSTERDAM,77307,Montévrain,1,Appartement,22.0,1.0,2.76756,48.853979,10,2018,
2566512,2018-1077196,2018-10-15,Vente,178400.0,PL D AMILLY,77449,Serris,1,Appartement,40.0,2.0,2.787103,48.843547,10,2018,
2566557,2018-1077219,2018-10-01,Vente,93000.0,RUE D AMSTERDAM,77307,Montévrain,1,Appartement,22.0,1.0,2.76756,48.853979,10,2018,1576.2711864406779
2566575,2018-1077231,2018-10-01,Vente,102500.0,RUE DES LABOURS,77268,Magny-le-Hongre,1,Appartement,25.0,1.0,2.81279,48.863821,10,2018,813.4920634920635
2566587,2018-1077236,2018-10-02,Vente,321000.0,CRS DU TAGE,77449,Serris,1,Appartement,84.0,4.0,2.786913,48.854067,10,2018,
2566636,2018-1077258,2018-10-18,Vente,160000.0,CRS DE LA GARONNE,77449,Serris,2,Appartement,42.0,2.0,2.78621,48.852987,10,2018,
2566659,2018-1077272,2018-10-02,Vente,193000.0,CRS DE L ELBE,77449,Serris,1,Appartement,37.0,2.0,2.786552,48.857418,10,2018,
2566679,2018-1077282,2018-10-12,Vente,185000.0,RUE DE LA FONTAINE ROUGE,77111,Chessy,1,Appartement,38.0,1.0,2.773342,48.855841,10,2018,
2566726,2018-1077303,2018-10-05,Vente,250000.0,CRS DU TAGE,77449,Serris,1,Appartement,65.0,3.0,2.786913,48.854067,10,2018,1984.126984126984
2566851,2018-1077366,2018-10-29,Vente,238857.0,RUE DU CLOS GIRARD,77111,Chessy,1,Appartement,60.0,3.0,2.769692,48.878821,10,2018,3791.3809523809523
2566882,2018-1077378,2018-10-02,Vente,200000.0,CRS DU TAGE,77449,Serris,1,Appartement,50.0,2.0,2.787668,48.853321,10,2018,
2566979,2018-1077423,2018-10-08,Vente,110000.0,RUE DE LA CHARBONNIERE,77307,Montévrain,1,Appartement,31.0,2.0,2.76756,48.853979,10,2018,
2567027,2018-1077451,2018-10-23,Vente,320285.0,RUE DES LIVRAINS,77111,Chessy,3,Appartement,76.0,4.0,2.774476,48.857538,10,2018,
2567034,2018-1077454,2018-10-25,Vente,105000.0,SQ PAUL GAUGUIN,77268,Magny-le-Hongre,1,Appartement,22.0,1.0,2.812375,48.862491,10,2018,1693.5483870967741
2567064,2018-1077467,2018-10-10,Vente,215000.0,RUE DES MURONS,77018,Bailly-Romainvilliers,1,Appartement,60.0,3.0,2.827091,48.853814,10,2018,1102.5641025641025
2567085,2018-1077478,2018-10-09,Vente,201000.0,CRS DU DANUBE,77449,Serris,1,Appartement,37.0,2.0,2.784357,48.856868,10,2018,
2567113,2018-1077496,2018-10-09,Vente,229000.0,RUE DE L EPINETTE,77268,Magny-le-Hongre,1,Appartement,57.0,3.0,2.814847,48.869084,10,2018,
2567161,2018-1077520,2018-10-29,Vente,223000.0,RUE DE L EGLISE,77268,Magny-le-Hongre,1,Appartement,54.0,3.0,2.81236,48.865247,10,2018,
2567166,2018-1077523,2018-10-24,Vente,157000.0,AV DES FRENES,77307,Montévrain,1,Appartement,36.0,2.0,2.759956,48.871348,10,2018,
2567264,2018-1077566,2018-10-19,Vente,210000.0,RUE DE PARIS,77018,Bailly-Romainvilliers,2,Appartement,35.0,1.0,2.820745,48.845971,10,2018,2187.5
2567317,2018-1077589,2018-11-07,Vente,360000.0,RUE DE ROME,77307,Montévrain,1,Appartement,86.0,4.0,2.759889,48.859152,11,2018,
2567370,2018-1077623,2018-10-26,Vente,115000.0,BD DE LA MARSANGE,77018,Bailly-Romainvilliers,1,Appartement,30.0,1.0,2.818068,48.844633,10,2018,
2567415,2018-1077640,2018-10-26,Vente,129000.0,AV DE LA SOCIETE DES NATIONS,77307,Montévrain,1,Appartement,36.0,2.0,2.758432,48.866784,10,2018,
2567505,2018-1077690,2018-10-11,Vente,178000.0,RUE DE L EPINETTE,77268,Magny-le-Hongre,1,Appartement,38.0,2.0,2.814847,48.869084,10,2018,
2567563,2018-1077722,2018-10-15,Vente,79500.0,RUE DE LA CHARBONNIERE,77307,Montévrain,1,Appartement,20.0,1.0,2.76756,48.853979,10,2018,
2567567,2018-1077725,2018-10-18,Vente,307000.0,RUE DES LABOURS,77268,Magny-le-Hongre,1,Appartement,84.0,4.0,2.812858,48.870326,10,2018,
2567575,2018-1077729,2018-10-15,Vente,95000.0,SQ PAUL GAUGUIN,77268,Magny-le-Hongre,1,Appartement,19.0,1.0,2.812375,48.862491,10,2018,2375.0
2567589,2018-1077733,2018-10-12,Vente,184000.0,RUE DES BERGES,77018,Bailly-Romainvilliers,1,Appartement,53.0,3.0,2.815766,48.849664,10,2018,
2567622,2018-1077749,2018-10-18,Vente,322000.0,CRS DU TAGE,77449,Serris,1,Appartement,70.0,4.0,2.786741,48.85467,10,2018,
2567626,2018-1077751,2018-10-17,Vente,148000.0,RUE DE LA CHARBONNIERE,77307,Montévrain,1,Appartement,31.0,2.0,2.76756,48.853979,10,2018,804.3478260869565
2567670,2018-1077771,2018-10-19,Vente,189000.0,RUE DE PRAGUE,77307,Montévrain,1,Appartement,46.0,2.0,2.76312,48.854849,10,2018,
2567674,2018-1077773,2018-11-12,Vente,125000.0,CRS DU DANUBE,77449,Serris,1,Appartement,31.0,2.0,2.78639,48.855954,11,2018,
2567836,2018-1077845,2018-11-09,Vente,84000.0,RUE DE LA CHARBONNIERE,77307,Montévrain,1,Appartement,22.0,1.0,2.76756,48.853979,11,2018,
2567852,2018-1077852,2018-11-06,Vente,287500.0,RUE DU PUITS,77449,Serris,1,Appartement,82.0,4.0,2.785773,48.841844,11,2018,2024.6478873239437
2567854,2018-1077854,2018-11-07,Vente,150000.0,RUE DE LA CLE DES CHAMPS,77268,Magny-le-Hongre,1,Appartement,60.0,3.0,2.815862,48.867012,11,2018,
2567989,2018-1077914,2018-10-26,Vente,266000.0,RUE DE LA GALMY,77111,Chessy,1,Appartement,60.0,3.0,2.772307,48.856432,10,2018,1985.0746268656717
2568008,2018-1077923,2018-10-26,Vente,284000.0,RUE DES SCANDINAVES,77449,Serris,1,Appartement,59.0,3.0,2.787572,48.858413,10,2018,2605.5045871559632
2568031,2018-1077934,2018-10-26,Vente,85000.0,RUE D AMSTERDAM,77307,Montévrain,1,Appartement,22.0,1.0,2.76756,48.853979,10,2018,1036.5853658536585
2568097,2018-1077969,2018-10-30,Vente,220000.0,RUE DE BRUXELLES,77307,Montévrain,1,Appartement,57.0,3.0,2.763642,48.85586,10,2018,6285.714285714285
2568110,2018-1077973,2018-11-13,Vente,323500.0,CRS DU TAGE,77449,Serris,1,Appartement,76.0,3.0,2.786741,48.85467,11,2018,
2568185,2018-1078011,2018-10-25,Vente,178000.0,ALL DE DUBLIN,77307,Montévrain,1,Appartement,45.0,2.0,2.766132,48.854328,10,2018,
2568210,2018-1078023,2018-10-31,Vente,203000.0,RUE DES SCANDINAVES,77449,Serris,1,Appartement,44.0,2.0,2.787572,48.858413,10,2018,
2568275,2018-1078050,2018-11-16,Vente,185000.0,CRS DU DANUBE,77449,Serris,1,Appartement,43.0,2.0,2.78639,48.855954,11,2018,2642.8571428571427
2568293,2018-1078062,2018-11-07,Vente,139500.0,AV DE LA SOCIETE DES NATIONS,77307,Montévrain,1,Appartement,36.0,2.0,2.758432,48.866784,11,2018,
2568297,2018-1078063,2018-11-05,Vente,245000.0,AV DES FRENES,77307,Montévrain,1,Appartement,65.0,3.0,2.759956,48.871348,11,2018,5212.765957446809
2568301,2018-1078065,2018-11-08,Vente,363000.0,CRS DU TAGE,77449,Serris,1,Appartement,87.0,4.0,2.786913,48.854067,11,2018,
2568342,2018-1078092,2018-11-09,Vente,305950.0,CRS DU TAGE,77449,Serris,1,Appartement,71.0,3.0,2.786913,48.854067,11,2018,
2568465,2018-1078155,2018-10-27,Vente,155000.0,RUE DES LABOURS,77268,Magny-le-Hongre,1,Appartement,34.0,2.0,2.812858,48.870326,10,2018,
2568602,2018-1078225,2018-11-21,Vente,280000.0,PL D AMILLY,77449,Serris,1,Appartement,79.0,4.0,2.787103,48.843547,11,2018,2121.212121212121
2568692,2018-1078278,2018-11-26,Vente,205000.0,AV DE LA SOCIETE DES NATIONS,77307,Montévrain,1,Appartement,43.0,2.0,2.760524,48.857234,11,2018,
2568843,2018-1078360,2018-11-09,Vente,231000.0,RUE DE BRUXELLES,77307,Montévrain,1,Appartement,62.0,3.0,2.763642,48.85586,11,2018,3915.2542372881358
2569103,2018-1078466,2018-11-08,Vente,280000.0,PL DE GIBRALTAR,77449,Serris,2,Appartement,66.0,3.0,2.78621,48.852987,11,2018,
2569125,2018-1078477,2018-11-30,Vente,354000.0,CRS DU TAGE,77449,Serris,1,Appartement,88.0,4.0,2.786741,48.85467,11,2018,
2569157,2018-1078489,2018-11-23,Vente,275000.0,CRS DU TAGE,77449,Serris,1,Appartement,68.0,3.0,2.786741,48.85467,11,2018,
2569166,2018-1078496,2018-11-29,Vente,322100.0,RUE DE LA FONTAINE ROUGE,77111,Chessy,1,Appartement,91.0,4.0,2.77269,48.855585,11,2018,2597.5806451612902
2569325,2018-1078573,2018-11-27,Vente,170000.0,SQ PAUL GAUGUIN,77268,Magny-le-Hongre,1,Appartement,47.0,2.0,2.812375,48.862491,11,2018,2125.0
2569328,2018-1078576,2018-11-23,Vente,280000.0,RUE DES SCANDINAVES,77449,Serris,1,Appartement,58.0,3.0,2.787572,48.858413,11,2018,
2569556,2018-1078691,2018-11-29,Vente,172000.0,AV FRANCOIS MITTERRAND,77307,Montévrain,1,Appartement,58.0,2.0,2.759493,48.866719,11,2018,2529.4117647058824
2569626,2018-1078723,2018-11-19,Vente,165000.0,COUR DE LA FORGE,77449,Serris,1,Appartement,40.0,2.0,2.789096,48.843444,11,2018,1460.1769911504425
2569634,2018-1078728,2018-11-27,Vente,196096.05,AV DE LA SOCIETE DES NATIONS,77307,Montévrain,1,Appartement,59.0,3.0,2.760877,48.857906,11,2018,1307.307
2569663,2018-1078743,2018-11-30,Vente,238000.0,AV DES FRENES,77307,Montévrain,1,Appartement,66.0,3.0,2.759956,48.871348,11,2018,
2569671,2018-1078748,2018-12-03,Vente,139000.0,RUE CERNON,77018,Bailly-Romainvilliers,1,Appartement,34.0,2.0,2.824304,48.846094,12,2018,
2569682,2018-1078756,2018-12-11,Vente,262000.0,RUE DE L EPINETTE,77268,Magny-le-Hongre,1,Appartement,62.0,3.0,2.813773,48.86518,12,2018,4225.806451612903
2569719,2018-1078770,2018-12-06,Vente,235000.0,RUE DE L EPINETTE,77268,Magny-le-Hongre,1,Appartement,62.0,3.0,2.814431,48.865729,12,2018,
2569721,2018-1078771,2018-11-29,Vente,209000.0,PL DE GIBRALTAR,77449,Serris,2,Appartement,56.0,2.0,2.78621,48.852987,11,2018,
2569736,2018-1078779,2018-11-20,Vente,404000.0,RUE DES SCANDINAVES,77449,Serris,1,Appartement,66.0,3.0,2.787572,48.858413,11,2018,
2569738,2018-1078779,2018-11-20,Vente,404000.0,RUE DES SCANDINAVES,77449,Serris,1,Appartement,22.0,1.0,2.787572,48.858413,11,2018,4439.56043956044
2569758,2018-1078792,2018-12-06,Vente,190000.0,RUE DES FERMES,77268,Magny-le-Hongre,1,Appartement,47.0,2.0,2.812748,48.865878,12,2018,
2569759,2018-1078793,2018-11-30,Vente,339200.0,RUE DE BRUXELLES,77307,Montévrain,1,Appartement,92.0,5.0,2.76312,48.854849,11,2018,8273.170731707318
2569770,2018-1078798,2018-12-07,Vente,304000.0,RUE DES LIVRAINS,77111,Chessy,1,Appartement,33.0,1.0,2.775748,48.857991,12,2018,
2569922,2018-1078869,2018-11-30,Vente,491000.0,CRS DU TAGE,77449,Serris,2,Appartement,96.0,4.0,2.78621,48.852987,11,2018,
2569933,2018-1078874,2018-11-27,Vente,228000.0,RUE DU CLOS GIRARD,77111,Chessy,1,Appartement,58.0,3.0,2.772804,48.879199,11,2018,
2569998,2018-1078912,2018-12-13,Vente,185000.0,RUE DE LA CLE DES CHAMPS,77268,Magny-le-Hongre,1,Appartement,82.0,4.0,2.815862,48.867012,12,2018,459.0570719602978
2570005,2018-1078917,2018-12-13,Vente,188000.0,RUE DES MURONS,77018,Bailly-Romainvilliers,1,Appartement,40.0,2.0,2.827996,48.853305,12,2018,
2570013,2018-1078922,2018-12-12,Vente,187500.0,RUE DE LA CLE DES CHAMPS,77268,Magny-le-Hongre,1,Appartement,41.0,2.0,2.813347,48.866869,12,2018,
2570018,2018-1078925,2018-12-13,Vente,225000.0,ALL DES BELLES AULNES,77449,Serris,2,Appartement,60.0,3.0,2.783123,48.849555,12,2018,
2570020,2018-1078926,2018-12-13,Vente,185000.0,RUE DE LA CLE DES CHAMPS,77268,Magny-le-Hongre,1,Appartement,81.0,4.0,2.815862,48.867012,12,2018,2283.9506172839506
2570079,2018-1078953,2018-12-12,Vente,310000.0,RUE DES LANVAUX,77268,Magny-le-Hongre,1,Appartement,73.0,4.0,2.817746,48.872051,12,2018,3483.14606741573
2570081,2018-1078954,2018-12-06,Vente,157000.0,RUE DE BRUXELLES,77307,Montévrain,1,Appartement,41.0,1.0,2.763642,48.85586,12,2018,
2570275,2018-1079063,2018-11-27,Vente,174230.0,RUE DE LA CHARBONNIERE,77307,Montévrain,1,Appartement,47.0,2.0,2.765754,48.855891,11,2018,1979.8863636363637
2570282,2018-1079067,2018-12-13,Vente,232500.0,RUE EMILE CLOUD,77449,Serris,1,Appartement,65.0,3.0,2.787419,48.849427,12,2018,1359.6491228070176
2570397,2018-1079122,2018-12-07,Vente,134000.0,RUE DES BERGES,77018,Bailly-Romainvilliers,1,Appartement,33.0,2.0,2.815766,48.849664,12,2018,1030.7692307692307
2570400,2018-1079123,2018-12-03,Vente,130000.0,BD DE LA MARSANGE,77018,Bailly-Romainvilliers,1,Appartement,30.0,1.0,2.818068,48.844633,12,2018,
2570405,2018-1079126,2018-12-14,Vente,220000.0,BD ROBERT THIBOUST,77449,Serris,2,Appartement,59.0,3.0,2.790716,48.842257,12,2018,
2570436,2018-1079140,2018-12-14,Vente,250000.0,PASS DU FOUR,77111,Chessy,1,Appartement,60.0,3.0,2.768978,48.878094,12,2018,1785.7142857142858
2570499,2018-1079171,2018-12-12,Vente,220000.0,RUE DES BERGES,77018,Bailly-Romainvilliers,1,Appartement,66.0,3.0,2.815999,48.849182,12,2018,
2570637,2018-1079243,2018-12-13,Vente,133600.0,AV DE LA SOCIETE DES NATIONS,77307,Montévrain,1,Appartement,36.0,2.0,2.758432,48.866784,12,2018,
2570783,2018-1079312,2018-12-19,Vente,235000.0,AV DES FRENES,77307,Montévrain,1,Appartement,76.0,4.0,2.759956,48.871348,12,2018,
2570891,2018-1079367,2018-12-20,Vente,200550.0,RUE DE LA HOUE,77268,Magny-le-Hongre,1,Appartement,42.0,2.0,2.813762,48.870283,12,2018,
2570903,2018-1079375,2018-12-21,Vente,142500.0,CRS DU DANUBE,77449,Serris,1,Appartement,28.0,2.0,2.78639,48.855954,12,2018,
2570945,2018-1079397,2018-12-05,Vente,378770.0,AV DES FRENES,77307,Montévrain,1,Appartement,85.0,4.0,2.759956,48.871348,12,2018,
2571030,2018-1079424,2018-12-17,Vente,290000.0,CRS DU DANUBE,77449,Serris,1,Appartement,79.0,4.0,2.775601,48.855965,12,2018,6904.761904761905
2571168,2018-1079435,2018-12-21,Vente,224000.0,RUE DE BRUXELLES,77307,Montévrain,1,Appartement,58.0,2.0,2.764785,48.85566,12,2018,
2571221,2018-1079462,2018-12-06,Vente,183415.0,RUE DES BERLAUDEURS,77018,Bailly-Romainvilliers,1,Appartement,51.0,3.0,2.817522,48.849251,12,2018,
2571308,2018-1079508,2018-12-19,Vente,231000.0,RUE DU MANOIR,77268,Magny-le-Hongre,1,Appartement,62.0,3.0,2.818006,48.869149,12,2018,
2571335,2018-1079522,2018-12-12,Vente,228000.0,ALL DE VARSOVIE,77307,Montévrain,2,Appartement,65.0,3.0,2.765754,48.855891,12,2018,
2571568,2018-1079615,2018-12-13,Vente,138000.0,AV DES FRENES,77307,Montévrain,1,Appartement,31.0,2.0,2.759956,48.871348,12,2018,
2571648,2018-1079659,2018-12-26,Vente,235000.0,RUE DU PRE AU PRETRE,77111,Chessy,1,Appartement,64.0,3.0,2.772804,48.879199,12,2018,
2571657,2018-1079664,2018-12-26,Vente,237500.0,RUE DES CAMPANULES,77268,Magny-le-Hongre,1,Appartement,65.0,3.0,2.814437,48.86529,12,2018,
2571682,2018-1079677,2018-12-31,Vente,72000.0,RUE DU MOULIN A VENT,77268,Magny-le-Hongre,1,Appartement,14.0,1.0,2.809717,48.867114,12,2018,
2571750,2018-1079710,2018-12-21,Vente,188110.0,ALL DES BELLES AULNES,77449,Serris,1,Appartement,44.0,2.0,2.783123,48.849555,12,2018,2687.285714285714
2571757,2018-1079712,2018-12-18,Vente,450000.0,PL NELSON MANDELA,77111,Chessy,1,Appartement,147.0,5.0,2.769722,48.858057,12,2018,
2571768,2018-1079716,2018-12-28,Vente,245000.0,PL DES FLUTIAUX,77018,Bailly-Romainvilliers,1,Appartement,70.0,3.0,2.816198,48.850775,12,2018,2247.706422018349
2571838,2018-1079733,2018-12-28,Vente,85000.0,RUE DE LA CHARBONNIERE,77307,Montévrain,1,Appartement,22.0,1.0,2.76756,48.853979,12,2018,965.9090909090909
2571877,2018-1079757,2018-12-13,Vente,325611.0,RUE DE BRUXELLES,77307,Montévrain,1,Appartement,84.0,4.0,2.764785,48.85566,12,2018,7572.3488372093025
2571961,2018-1079797,2018-12-27,Vente,177500.0,RUE DES CELTES,77449,Serris,1,Appartement,34.0,1.0,2.786552,48.857418,12,2018,788.8888888888889
2572005,2018-1079818,2018-12-17,Vente,175000.0,RUE DE LA CLE DES CHAMPS,77268,Magny-le-Hongre,1,Appartement,60.0,3.0,2.815862,48.867012,12,2018,
2572115,2018-1079875,2018-12-19,Vente,420474.0,RUE DE PRAGUE,77307,Montévrain,1,Appartement,99.0,3.0,2.763609,48.8543,12,2018,14015.8
2572278,2018-1079923,2018-12-28,Vente,181000.0,ESP DES GUINANDIERS,77018,Bailly-Romainvilliers,1,Appartement,57.0,3.0,2.815999,48.849182,12,2018,322.06405693950177
2572592,2018-1080062,2018-12-27,Vente,177000.0,PL DE L EUROPE,77018,Bailly-Romainvilliers,1,Appartement,41.0,2.0,2.820184,48.850697,12,2018,
2572614,2018-1080073,2018-12-19,Vente,282000.0,RUE DES SCANDINAVES,77449,Serris,1,Appartement,50.0,3.0,2.787996,48.858659,12,2018,
2572643,2018-1080085,2018-12-28,Vente,199026.23,AV DE LA SOCIETE DES NATIONS,77307,Montévrain,1,Appartement,61.0,3.0,2.760877,48.857906,12,2018,
2572675,2018-1080103,2018-12-19,Vente,210000.0,RUE EMILE CLOUD,77449,Serris,1,Appartement,63.0,3.0,2.786353,48.848775,12,2018,
2573068,2018-1080261,2018-10-08,Vente,220588.86,RUE DE L EPINETTE,77268,Magny-le-Hongre,1,Appartement,67.0,3.0,2.81359,48.866809,10,2018,580.497
