,id_mutation,date_mutation,nature_mutation,valeur_fonciere,adresse_nom_voie,code_commune,nom_commune,nombre_lots,type_local,surface_reelle_bati,nombre_pieces_principales,longitude,latitude,month,year,m2
1051207,2016-953106,2016-01-05,Vente,275000.0,RUE DE LA GALMY,77111,Chessy,1,Appartement,94.0,4.0,2.772108,48.855764,1,2016,2925.531914893617
1051274,2016-953151,2016-01-15,Vente,145000.0,RUE DE L EGLISE,77268,Magny-le-Hongre,1,Appartement,36.0,2.0,2.81236,48.865247,1,2016,4027.777777777778
1051292,2016-953160,2016-01-18,Vente,114000.0,RUE DES BERGES,77018,Bailly-Romainvilliers,1,Appartement,28.0,1.0,2.815766,48.849664,1,2016,4071.4285714285716
1051352,2016-953203,2016-01-04,Vente,176500.0,RUE DES BERGES,77018,Bailly-Romainvilliers,1,Appartement,56.0,3.0,2.815766,48.849664,1,2016,3151.785714285714
1051357,2016-953207,2016-01-18,Vente,180000.0,RUE DU MANOIR,77268,Magny-le-Hongre,1,Appartement,39.0,3.0,2.818006,48.869149,1,2016,4615.384615384615
1051422,2016-953256,2016-01-04,Vente,307900.0,RUE DE BRUXELLES,77307,Montévrain,1,Appartement,83.0,3.0,2.764785,48.85566,1,2016,3709.6385542168673
1051433,2016-953263,2016-01-08,Vente,174000.0,RUE DE LA FONTAINE ROUGE,77111,Chessy,1,Appartement,46.0,2.0,2.773342,48.855841,1,2016,3782.608695652174
1051439,2016-953268,2016-01-08,Vente,148000.0,RUE DES FERMES,77111,Chessy,2,Appartement,45.0,2.0,2.76691,48.877187,1,2016,3288.8888888888887
1051440,2016-953269,2016-01-07,Vente,172500.0,RUE DE BRUXELLES,77307,Montévrain,1,Appartement,46.0,2.0,2.761705,48.854971,1,2016,3750.0
1051473,2016-953289,2016-01-08,Vente,160000.0,RUE DES GRANDS PRES,77111,Chessy,1,Appartement,80.0,0.0,2.775748,48.857991,1,2016,2000.0
1051514,2016-953319,2016-01-11,Vente,172000.0,RUE DE LA HOUE,77268,Magny-le-Hongre,1,Appartement,46.0,2.0,2.813857,48.871427,1,2016,3739.1304347826085
1051530,2016-953331,2016-01-15,Vente,137126.0,RUE DE LA BOISERIE,77268,Magny-le-Hongre,1,Appartement,19.0,1.0,2.820674,48.862311,1,2016,7217.1578947368425
1051549,2016-953345,2016-01-05,Vente,255000.0,CRS DU DANUBE,77449,Serris,1,Appartement,81.0,4.0,2.775601,48.855965,1,2016,3148.1481481481483
1051552,2016-953346,2016-01-15,Vente,225000.0,RUE DE L EPINETTE,77268,Magny-le-Hongre,1,Appartement,60.0,3.0,2.815647,48.86949,1,2016,3750.0
1051582,2016-953372,2016-01-14,Vente,237000.0,CRS DU TAGE,77449,Serris,2,Appartement,60.0,3.0,2.78621,48.852987,1,2016,3950.0
1051584,2016-953373,2016-01-11,Vente,195000.0,AV DES FRENES,77307,Montévrain,3,Appartement,70.0,3.0,2.761009,48.871225,1,2016,2785.714285714286
1051612,2016-953392,2016-01-18,Vente,190000.0,RUE DE LA FONTAINE ROUGE,77111,Chessy,1,Appartement,68.0,3.0,2.773342,48.855841,1,2016,2794.1176470588234
1051671,2016-953426,2016-01-19,Vente,162980.0,RUE DE LA BOISERIE,77268,Magny-le-Hongre,1,Appartement,23.0,1.0,2.820674,48.862311,1,2016,7086.086956521739
1051672,2016-953428,2016-01-13,Vente,164242.0,RUE DE LA BOISERIE,77268,Magny-le-Hongre,1,Appartement,23.0,1.0,2.820674,48.862311,1,2016,7140.95652173913
1051677,2016-953430,2016-01-14,Vente,162980.0,RUE DE LA BOISERIE,77268,Magny-le-Hongre,1,Appartement,23.0,1.0,2.820674,48.862311,1,2016,7086.086956521739
1051678,2016-953431,2016-01-12,Vente,134025.0,RUE DE LA BOISERIE,77268,Magny-le-Hongre,1,Appartement,19.0,1.0,2.820674,48.862311,1,2016,7053.9473684210525
1051681,2016-953433,2016-01-12,Vente,162980.0,RUE DE LA BOISERIE,77268,Magny-le-Hongre,1,Appartement,23.0,1.0,2.820674,48.862311,1,2016,7086.086956521739
1051711,2016-953452,2016-01-27,Vente,138000.0,RUE DE L EPINETTE,77268,Magny-le-Hongre,1,Appartement,43.0,2.0,2.81359,48.866809,1,2016,3209.3023255813955
1051739,2016-953479,2016-01-22,Vente,140000.0,CRS DU DANUBE,77449,Serris,1,Appartement,43.0,2.0,2.775601,48.855965,1,2016,3255.813953488372
1051743,2016-953482,2016-01-21,Vente,128000.0,CRS DU DANUBE,77449,Serris,1,Appartement,31.0,1.0,2.78639,48.855954,1,2016,4129.032258064516
1051747,2016-953489,2016-01-26,Vente,136632.0,RUE DE LA BOISERIE,77268,Magny-le-Hongre,1,Appartement,19.0,1.0,2.820674,48.862311,1,2016,7191.1578947368425
1051753,2016-953492,2016-01-22,Vente,192000.0,RUE EMILE CLOUD,77449,Serris,1,Appartement,63.0,3.0,2.787419,48.849427,1,2016,3047.6190476190477
1051760,2016-953496,2016-01-26,Vente,165565.0,RUE DE LA BOISERIE,77268,Magny-le-Hongre,1,Appartement,23.0,1.0,2.820674,48.862311,1,2016,7198.478260869565
1051767,2016-953500,2016-01-29,Vente,,RUE DE LA BOISERIE,77268,Magny-le-Hongre,1,Appartement,19.0,1.0,2.820674,48.862311,1,2016,
1051775,2016-953507,2016-01-26,Vente,,RUE DE LA BOISERIE,77268,Magny-le-Hongre,1,Appartement,19.0,1.0,2.820674,48.862311,1,2016,
1051776,2016-953508,2016-01-21,Vente,134025.0,RUE DE LA BOISERIE,77268,Magny-le-Hongre,1,Appartement,19.0,1.0,2.820674,48.862311,1,2016,7053.9473684210525
1051780,2016-953512,2016-01-20,Vente,182000.0,RUE DE LA FONTAINE ROUGE,77111,Chessy,1,Appartement,54.0,3.0,2.772307,48.856432,1,2016,3370.3703703703704
1051852,2016-953562,2016-01-19,Vente,135000.0,RUE DE LA FONTAINE ROUGE,77111,Chessy,1,Appartement,33.0,1.0,2.773342,48.855841,1,2016,4090.909090909091
1051861,2016-953567,2016-01-26,Vente,276000.0,AV DE LA SOCIETE DES NATIONS,77307,Montévrain,1,Appartement,85.0,4.0,2.763609,48.8543,1,2016,3247.0588235294117
1051870,2016-953573,2016-01-28,Vente,210000.0,RUE DES MARNONS,77018,Bailly-Romainvilliers,1,Appartement,61.0,3.0,2.817439,48.848325,1,2016,3442.622950819672
1051937,2016-953612,2016-02-01,Vente,168000.0,RUE DU PRE AU PRETRE,77111,Chessy,1,Appartement,37.0,2.0,2.772804,48.879199,2,2016,4540.540540540541
1051989,2016-953642,2016-02-02,Vente,170000.0,AV DES FRENES,77307,Montévrain,2,Appartement,46.0,2.0,2.761009,48.871225,2,2016,3695.6521739130435
1051990,2016-953643,2016-02-01,Vente,200000.0,AV DES FRENES,77307,Montévrain,2,Appartement,60.0,3.0,2.761009,48.871225,2,2016,3333.3333333333335
1052073,2016-953703,2016-01-29,Vente,257000.0,ALL DE VARSOVIE,77307,Montévrain,1,Appartement,71.0,4.0,2.765754,48.855891,1,2016,3619.718309859155
1052078,2016-953707,2016-01-26,Vente,136570.0,RUE DE LA BOISERIE,77268,Magny-le-Hongre,1,Appartement,19.0,1.0,2.820674,48.862311,1,2016,7187.894736842105
1052085,2016-953711,2016-01-28,Vente,135926.0,RUE DE LA BOISERIE,77268,Magny-le-Hongre,1,Appartement,19.0,1.0,2.820674,48.862311,1,2016,7154.0
1052117,2016-953728,2016-02-03,Vente,173000.0,RUE DU BOIS DE PARIS,77111,Chessy,1,Appartement,44.0,2.0,2.775748,48.857991,2,2016,3931.818181818182
1052135,2016-953739,2016-02-11,Vente,225000.0,RUE DES GROUETTES,77268,Magny-le-Hongre,1,Appartement,59.0,3.0,2.813544,48.869274,2,2016,3813.5593220338983
1052172,2016-953764,2016-01-28,Vente,152200.0,CRS DE L ELBE,77449,Serris,1,Appartement,31.0,1.0,2.786552,48.857418,1,2016,4909.677419354839
1052176,2016-953767,2016-02-04,Vente,185000.0,RUE DES VENVOLLES,77018,Bailly-Romainvilliers,2,Appartement,58.0,3.0,2.820078,48.849716,2,2016,3189.655172413793
1052215,2016-953794,2016-02-08,Vente,270000.0,CRS DU TAGE,77449,Serris,1,Appartement,70.0,3.0,2.786913,48.854067,2,2016,3857.1428571428573
1052219,2016-953796,2016-02-10,Vente,166500.0,ALL DES MARAICHERS,77111,Chessy,1,Appartement,42.0,2.0,2.77086,48.879533,2,2016,3964.285714285714
1052349,2016-953897,2016-01-28,Vente,161416.0,RUE DE LA BOISERIE,77268,Magny-le-Hongre,1,Appartement,23.0,1.0,2.820674,48.862311,1,2016,7018.086956521739
1052355,2016-953902,2016-01-29,Vente,327536.0,RUE DE LA BOISERIE,77268,Magny-le-Hongre,1,Appartement,23.0,1.0,2.820674,48.862311,1,2016,14240.695652173914
1052357,2016-953902,2016-01-29,Vente,327536.0,RUE DE LA BOISERIE,77268,Magny-le-Hongre,1,Appartement,23.0,1.0,2.820674,48.862311,1,2016,14240.695652173914
1052392,2016-953923,2016-01-28,Vente,146274.0,RUE DE LA BOISERIE,77268,Magny-le-Hongre,1,Appartement,21.0,1.0,2.820674,48.862311,1,2016,6965.428571428572
1052394,2016-953924,2016-01-28,Vente,132058.0,RUE DE LA BOISERIE,77268,Magny-le-Hongre,1,Appartement,19.0,1.0,2.820674,48.862311,1,2016,6950.421052631579
1052395,2016-953925,2016-02-11,Vente,225000.0,RUE DE L EPINETTE,77268,Magny-le-Hongre,1,Appartement,62.0,3.0,2.814431,48.865729,2,2016,3629.032258064516
1052410,2016-953934,2016-02-03,Vente,132884.0,RUE DE LA BOISERIE,77268,Magny-le-Hongre,1,Appartement,19.0,1.0,2.820674,48.862311,2,2016,6993.894736842105
1052411,2016-953935,2016-01-29,Vente,131901.0,RUE DE LA BOISERIE,77268,Magny-le-Hongre,1,Appartement,19.0,1.0,2.820674,48.862311,1,2016,6942.1578947368425
1052412,2016-953936,2016-01-29,Vente,167741.0,RUE DE LA BOISERIE,77268,Magny-le-Hongre,1,Appartement,23.0,1.0,2.820674,48.862311,1,2016,7293.086956521739
1052452,2016-953970,2016-02-05,Vente,310000.0,RUE DE LA HOUE,77268,Magny-le-Hongre,1,Appartement,74.0,4.0,2.813544,48.869274,2,2016,4189.189189189189
1052561,2016-953977,2016-02-18,Vente,174700.0,ALL DE DUBLIN,77307,Montévrain,1,Appartement,44.0,2.0,2.765754,48.855891,2,2016,3970.4545454545455
1052578,2016-953990,2016-02-19,Vente,232000.0,AV DES FRENES,77307,Montévrain,1,Appartement,63.0,3.0,2.759956,48.871348,2,2016,3682.5396825396824
1052591,2016-953999,2016-02-09,Vente,142032.0,RUE DE LA BOISERIE,77268,Magny-le-Hongre,1,Appartement,19.0,1.0,2.820674,48.862311,2,2016,7475.368421052632
1052617,2016-954018,2016-02-23,Vente,150000.0,AV DES FRENES,77307,Montévrain,2,Appartement,41.0,2.0,2.761009,48.871225,2,2016,3658.5365853658536
1052642,2016-954036,2016-02-04,Vente,171733.0,RUE DE LA BOISERIE,77268,Magny-le-Hongre,1,Appartement,23.0,1.0,2.820674,48.862311,2,2016,7466.652173913043
1052658,2016-954048,2016-02-10,Vente,324183.0,RUE DE LA BOISERIE,77268,Magny-le-Hongre,1,Appartement,23.0,1.0,2.820674,48.862311,2,2016,14094.91304347826
1052659,2016-954048,2016-02-10,Vente,324183.0,RUE DE LA BOISERIE,77268,Magny-le-Hongre,1,Appartement,23.0,1.0,2.820674,48.862311,2,2016,14094.91304347826
1052661,2016-954049,2016-02-10,Vente,136570.0,RUE DE LA BOISERIE,77268,Magny-le-Hongre,1,Appartement,19.0,1.0,2.820674,48.862311,2,2016,7187.894736842105
1052690,2016-954064,2016-02-04,Vente,170000.0,RUE DE LA FONTAINE ROUGE,77111,Chessy,1,Appartement,44.0,2.0,2.773342,48.855841,2,2016,3863.6363636363635
1052714,2016-954085,2016-02-25,Vente,162600.0,RUE DE L EGLISE,77268,Magny-le-Hongre,1,Appartement,36.0,2.0,2.81236,48.865247,2,2016,4516.666666666667
1052719,2016-954089,2016-02-05,Vente,164858.0,RUE DE LA BOISERIE,77268,Magny-le-Hongre,1,Appartement,23.0,1.0,2.820674,48.862311,2,2016,7167.739130434783
1052758,2016-954123,2016-02-05,Vente,163856.0,CRS DE L ELBE,77449,Serris,1,Appartement,45.0,2.0,2.785284,48.857334,2,2016,3641.2444444444445
1052763,2016-954129,2016-02-08,Vente,139425.0,RUE DE LA BOISERIE,77268,Magny-le-Hongre,1,Appartement,19.0,1.0,2.820674,48.862311,2,2016,7338.1578947368425
1052789,2016-954150,2016-02-19,Vente,330000.0,CRS DE L ELBE,77449,Serris,2,Appartement,79.0,4.0,2.784357,48.856868,2,2016,4177.215189873417
1052819,2016-954169,2016-03-01,Vente,237000.0,CRS DE LA GARONNE,77449,Serris,2,Appartement,65.0,3.0,2.786383,48.854788,3,2016,3646.153846153846
1052830,2016-954176,2016-02-25,Vente,179850.0,RUE DE L EPINETTE,77268,Magny-le-Hongre,1,Appartement,43.0,2.0,2.815647,48.86949,2,2016,4182.558139534884
1052836,2016-954180,2016-02-15,Vente,193000.0,RUE DE LA FONTAINE ROUGE,77111,Chessy,1,Appartement,56.0,3.0,2.772307,48.856432,2,2016,3446.4285714285716
1052844,2016-954186,2016-02-18,Vente,187500.0,ESP DES GUINANDIERS,77018,Bailly-Romainvilliers,1,Appartement,62.0,3.0,2.815374,48.848782,2,2016,3024.1935483870966
1052926,2016-954250,2016-02-12,Vente,137619.0,RUE DE LA BOISERIE,77268,Magny-le-Hongre,1,Appartement,19.0,1.0,2.820674,48.862311,2,2016,7243.105263157895
1052927,2016-954251,2016-02-12,Vente,135926.0,RUE DE LA BOISERIE,77268,Magny-le-Hongre,1,Appartement,19.0,1.0,2.820674,48.862311,2,2016,7154.0
1053028,2016-954337,2016-02-24,Vente,132764.0,RUE DE LA BOISERIE,77268,Magny-le-Hongre,1,Appartement,19.0,1.0,2.820674,48.862311,2,2016,6987.578947368421
1053034,2016-954342,2016-02-23,Vente,137619.0,RUE DE LA BOISERIE,77268,Magny-le-Hongre,1,Appartement,19.0,1.0,2.820674,48.862311,2,2016,7243.105263157895
1053043,2016-954348,2016-03-02,Vente,136632.0,RUE DE LA BOISERIE,77268,Magny-le-Hongre,1,Appartement,19.0,1.0,2.820674,48.862311,3,2016,7191.1578947368425
1053046,2016-954350,2016-02-23,Vente,132764.0,RUE DE LA BOISERIE,77268,Magny-le-Hongre,1,Appartement,19.0,1.0,2.820674,48.862311,2,2016,6987.578947368421
1053048,2016-954352,2016-02-25,Vente,164858.0,RUE DE LA BOISERIE,77268,Magny-le-Hongre,1,Appartement,23.0,1.0,2.820674,48.862311,2,2016,7167.739130434783
1053050,2016-954354,2016-02-23,Vente,137619.0,RUE DE LA BOISERIE,77268,Magny-le-Hongre,1,Appartement,19.0,1.0,2.820674,48.862311,2,2016,7243.105263157895
1053051,2016-954355,2016-03-07,Vente,161416.0,RUE DE LA BOISERIE,77268,Magny-le-Hongre,1,Appartement,23.0,1.0,2.820674,48.862311,3,2016,7018.086956521739
1053059,2016-954358,2016-03-02,Vente,163446.0,RUE DE LA BOISERIE,77268,Magny-le-Hongre,1,Appartement,23.0,1.0,2.820674,48.862311,3,2016,7106.347826086957
1053089,2016-954378,2016-03-03,Vente,,RUE DE LA BOISERIE,77268,Magny-le-Hongre,1,Appartement,23.0,1.0,2.820674,48.862311,3,2016,
1053094,2016-954381,2016-03-02,Vente,133745.0,RUE DE LA BOISERIE,77268,Magny-le-Hongre,1,Appartement,19.0,1.0,2.820674,48.862311,3,2016,7039.210526315789
1053106,2016-954392,2016-03-04,Vente,327222.0,RUE DE LA BOISERIE,77268,Magny-le-Hongre,1,Appartement,23.0,1.0,2.820674,48.862311,3,2016,14227.04347826087
1053108,2016-954392,2016-03-04,Vente,327222.0,RUE DE LA BOISERIE,77268,Magny-le-Hongre,1,Appartement,23.0,1.0,2.820674,48.862311,3,2016,14227.04347826087
1053171,2016-954415,2016-03-10,Vente,239000.0,RUE DE VIENNE,77307,Montévrain,1,Appartement,65.0,3.0,2.760611,48.856017,3,2016,3676.923076923077
1053192,2016-954428,2016-03-11,Vente,228500.0,RUE DE BRUXELLES,77307,Montévrain,1,Appartement,75.0,4.0,2.763642,48.85586,3,2016,3046.6666666666665
1053260,2016-954481,2016-02-18,Vente,218000.0,RUE DE LA FONTAINE ROUGE,77111,Chessy,1,Appartement,74.0,4.0,2.772307,48.856432,2,2016,2945.945945945946
1053263,2016-954483,2016-03-16,Vente,222000.0,PL DES FLUTIAUX,77018,Bailly-Romainvilliers,1,Appartement,58.0,3.0,2.816198,48.850775,3,2016,3827.5862068965516
1053266,2016-954485,2016-03-14,Vente,220000.0,CRS DE LA GARONNE,77449,Serris,1,Appartement,69.0,3.0,2.786107,48.855312,3,2016,3188.4057971014495
1053279,2016-954491,2016-03-07,Vente,228374.0,RUE DE LA BOISERIE,77268,Magny-le-Hongre,1,Appartement,32.0,1.0,2.820674,48.862311,3,2016,7136.6875
1053281,2016-954492,2016-03-03,Vente,136632.0,RUE DE LA BOISERIE,77268,Magny-le-Hongre,1,Appartement,19.0,1.0,2.820674,48.862311,3,2016,7191.1578947368425
1053283,2016-954494,2016-03-03,Vente,132607.0,RUE DE LA BOISERIE,77268,Magny-le-Hongre,1,Appartement,19.0,1.0,2.820674,48.862311,3,2016,6979.315789473684
1053304,2016-954512,2016-02-25,Vente,101430.0,RUE DU MOULIN A VENT,77268,Magny-le-Hongre,1,Appartement,59.0,3.0,2.812264,48.866276,2,2016,1719.1525423728813
1053364,2016-954552,2016-03-09,Vente,100000.0,RUE DE LA CHARBONNIERE,77307,Montévrain,1,Appartement,22.0,1.0,2.76756,48.853979,3,2016,4545.454545454545
1053369,2016-954557,2016-03-10,Vente,147000.0,ALL DE DUBLIN,77307,Montévrain,1,Appartement,35.0,2.0,2.766132,48.854328,3,2016,4200.0
1053405,2016-954592,2016-03-04,Vente,162123.0,RUE DE LA BOISERIE,77268,Magny-le-Hongre,1,Appartement,23.0,1.0,2.820674,48.862311,3,2016,7048.826086956522
1053407,2016-954593,2016-03-09,Vente,146981.0,RUE DE LA BOISERIE,77268,Magny-le-Hongre,1,Appartement,21.0,1.0,2.820674,48.862311,3,2016,6999.0952380952385
1053432,2016-954613,2016-02-26,Vente,161506.0,RUE DE LA BOISERIE,77268,Magny-le-Hongre,1,Appartement,23.0,1.0,2.820674,48.862311,2,2016,7022.0
1053433,2016-954614,2016-03-10,Vente,143725.0,RUE DE LA BOISERIE,77268,Magny-le-Hongre,1,Appartement,19.0,1.0,2.820674,48.862311,3,2016,7564.473684210527
1053434,2016-954615,2016-03-09,Vente,160867.0,RUE DE LA BOISERIE,77268,Magny-le-Hongre,1,Appartement,23.0,1.0,2.820674,48.862311,3,2016,6994.217391304348
1053440,2016-954619,2016-02-29,Vente,365000.0,RUE DE PRAGUE,77307,Montévrain,1,Appartement,94.0,4.0,2.763609,48.8543,2,2016,3882.978723404255
1053606,2016-954710,2016-03-01,Vente,247000.0,RUE DU MOULIN A VENT,77268,Magny-le-Hongre,1,Appartement,82.0,4.0,2.813347,48.866869,3,2016,3012.1951219512193
1053674,2016-954758,2016-03-18,Vente,200000.0,ALL DE DUBLIN,77307,Montévrain,1,Appartement,55.0,3.0,2.765754,48.855891,3,2016,3636.3636363636365
1053753,2016-954818,2016-03-24,Vente,131500.0,CRS DU DANUBE,77449,Serris,1,Appartement,31.0,2.0,2.78639,48.855954,3,2016,4241.935483870968
1053801,2016-954857,2016-03-11,Vente,131688.0,RUE DE LA BOISERIE,77268,Magny-le-Hongre,1,Appartement,19.0,1.0,2.820674,48.862311,3,2016,6930.9473684210525
1053827,2016-954876,2016-03-18,Vente,235000.0,CRS DE L ELBE,77449,Serris,1,Appartement,64.0,3.0,2.784357,48.856868,3,2016,3671.875
1053912,2016-954940,2016-03-29,Vente,281000.0,RUE DE BRUXELLES,77307,Montévrain,1,Appartement,93.0,4.0,2.763642,48.85586,3,2016,3021.505376344086
1053924,2016-954953,2016-03-25,Vente,112000.0,RUE DES VENVOLLES,77018,Bailly-Romainvilliers,1,Appartement,32.0,2.0,2.820078,48.849716,3,2016,3500.0
1053925,2016-954954,2016-03-15,Vente,140000.0,RUE DE LA CHARBONNIERE,77307,Montévrain,1,Appartement,118.0,5.0,2.765754,48.855891,3,2016,1186.4406779661017
1053951,2016-954973,2016-03-21,Vente,138325.0,RUE DE LA BOISERIE,77268,Magny-le-Hongre,1,Appartement,19.0,1.0,2.820674,48.862311,3,2016,7280.263157894737
1053962,2016-954982,2016-03-25,Vente,210000.0,CRS DU TAGE,77449,Serris,1,Appartement,65.0,3.0,2.786913,48.854067,3,2016,3230.769230769231
1053968,2016-954984,2016-03-21,Vente,164858.0,RUE DE LA BOISERIE,77268,Magny-le-Hongre,1,Appartement,23.0,1.0,2.820674,48.862311,3,2016,7167.739130434783
1053981,2016-954992,2016-03-17,Vente,157000.0,AV DES FRENES,77307,Montévrain,1,Appartement,40.0,2.0,2.759956,48.871348,3,2016,3925.0
1054032,2016-955025,2016-03-25,Vente,207000.0,ESP DES GUINANDIERS,77018,Bailly-Romainvilliers,1,Appartement,70.0,4.0,2.815999,48.849182,3,2016,2957.1428571428573
1054102,2016-955079,2016-03-24,Vente,137832.0,RUE DE LA BOISERIE,77268,Magny-le-Hongre,1,Appartement,19.0,1.0,2.820674,48.862311,3,2016,7254.315789473684
1054115,2016-955088,2016-04-08,Vente,151000.0,CHE DES VERGERS,77111,Chessy,1,Appartement,35.0,2.0,2.765459,48.87795,4,2016,4314.285714285715
1054117,2016-955091,2016-04-12,Vente,171000.0,RUE DE LA CHARBONNIERE,77307,Montévrain,1,Appartement,39.0,2.0,2.766796,48.854878,4,2016,4384.615384615385
1054124,2016-955095,2016-04-13,Vente,232000.0,RUE DU MANOIR,77268,Magny-le-Hongre,1,Appartement,61.0,3.0,2.818006,48.869149,4,2016,3803.27868852459
1054207,2016-955168,2016-03-25,Vente,136913.0,RUE DE LA BOISERIE,77268,Magny-le-Hongre,1,Appartement,19.0,1.0,2.820674,48.862311,3,2016,7205.9473684210525
1054215,2016-955174,2016-04-14,Vente,155000.0,PL D AMILLY,77449,Serris,1,Appartement,35.0,2.0,2.787103,48.843547,4,2016,4428.571428571428
1054260,2016-955201,2016-03-25,Vente,133257.0,RUE DE LA BOISERIE,77268,Magny-le-Hongre,1,Appartement,19.0,1.0,2.820674,48.862311,3,2016,7013.526315789473
1054285,2016-955221,2016-04-14,Vente,250000.0,RUE DE LA FONTAINE ROUGE,77111,Chessy,1,Appartement,91.0,4.0,2.77269,48.855585,4,2016,2747.252747252747
1054296,2016-955228,2016-03-31,Vente,136913.0,RUE DE LA BOISERIE,77268,Magny-le-Hongre,1,Appartement,19.0,1.0,2.820674,48.862311,3,2016,7205.9473684210525
1054298,2016-955229,2016-03-30,Vente,164858.0,RUE DE LA BOISERIE,77268,Magny-le-Hongre,1,Appartement,23.0,1.0,2.820674,48.862311,3,2016,7167.739130434783
1054302,2016-955231,2016-04-19,Vente,222500.0,RUE DES MARNONS,77018,Bailly-Romainvilliers,1,Appartement,61.0,3.0,2.817439,48.848325,4,2016,3647.5409836065573
1054308,2016-955235,2016-04-13,Vente,142000.0,RUE DU MOULIN A VENT,77268,Magny-le-Hongre,1,Appartement,35.0,2.0,2.809717,48.867114,4,2016,4057.1428571428573
1054314,2016-955237,2016-04-15,Vente,273000.0,AV DES FRENES,77307,Montévrain,1,Appartement,66.0,3.0,2.759956,48.871348,4,2016,4136.363636363636
1054316,2016-955238,2016-04-07,Vente,100000.0,RUE DE LA CHARBONNIERE,77307,Montévrain,1,Appartement,22.0,1.0,2.76756,48.853979,4,2016,4545.454545454545
1054369,2016-955278,2016-04-05,Vente,175000.0,ALL DE DUBLIN,77307,Montévrain,1,Appartement,41.0,2.0,2.766796,48.854878,4,2016,4268.292682926829
1054371,2016-955280,2016-04-06,Vente,222642.0,ESP DES GUINANDIERS,77018,Bailly-Romainvilliers,1,Appartement,74.0,4.0,2.815374,48.848782,4,2016,3008.675675675676
1054378,2016-955286,2016-03-29,Vente,310000.0,CRS DU TAGE,77449,Serris,2,Appartement,80.0,4.0,2.78621,48.852987,3,2016,3875.0
1054391,2016-955293,2016-03-29,Vente,195000.0,CRS DU DANUBE,77449,Serris,1,Appartement,58.0,3.0,2.784357,48.856868,3,2016,3362.0689655172414
1054490,2016-955370,2016-04-06,Vente,275000.0,RUE DE L EPINETTE,77268,Magny-le-Hongre,1,Appartement,61.0,3.0,2.813773,48.86518,4,2016,4508.196721311476
1054523,2016-955391,2016-04-21,Vente,297000.0,AV DES FRENES,77307,Montévrain,1,Appartement,66.0,3.0,2.759956,48.871348,4,2016,4500.0
1054528,2016-955394,2016-04-20,Vente,180000.0,RUE DE L EPINETTE,77268,Magny-le-Hongre,1,Appartement,42.0,2.0,2.813773,48.86518,4,2016,4285.714285714285
1054539,2016-955401,2016-04-01,Vente,133257.0,RUE DE LA BOISERIE,77268,Magny-le-Hongre,1,Appartement,19.0,1.0,2.820674,48.862311,4,2016,7013.526315789473
1054561,2016-955418,2016-04-08,Vente,137400.0,RUE DE LA BOISERIE,77268,Magny-le-Hongre,1,Appartement,19.0,1.0,2.820674,48.862311,4,2016,7231.578947368421
1054567,2016-955420,2016-04-07,Vente,146829.0,RUE DE LA BOISERIE,77268,Magny-le-Hongre,1,Appartement,21.0,1.0,2.820674,48.862311,4,2016,6991.857142857143
1054573,2016-955424,2016-04-05,Vente,136570.0,RUE DE LA BOISERIE,77268,Magny-le-Hongre,1,Appartement,19.0,1.0,2.820674,48.862311,4,2016,7187.894736842105
1054574,2016-955425,2016-04-12,Vente,137619.0,RUE DE LA BOISERIE,77268,Magny-le-Hongre,1,Appartement,19.0,1.0,2.820674,48.862311,4,2016,7243.105263157895
1054580,2016-955428,2016-04-27,Vente,173000.0,RUE DE LA GALMY,77111,Chessy,1,Appartement,43.0,2.0,2.772307,48.856432,4,2016,4023.2558139534885
1054584,2016-955430,2016-04-26,Vente,381000.0,CRS DE LA GARONNE,77449,Serris,2,Appartement,106.0,4.0,2.78621,48.852987,4,2016,3594.3396226415093
1054623,2016-955447,2016-04-25,Vente,205000.0,PL D AMILLY,77449,Serris,1,Appartement,53.0,3.0,2.787103,48.843547,4,2016,3867.9245283018868
1054712,2016-955512,2016-03-31,Vente,195000.0,RUE DE L EPINETTE,77268,Magny-le-Hongre,1,Appartement,66.0,3.0,2.815097,48.865945,3,2016,2954.5454545454545
1054744,2016-955535,2016-04-28,Vente,118000.0,RUE DES BERGES,77018,Bailly-Romainvilliers,1,Appartement,28.0,2.0,2.817996,48.850447,4,2016,4214.285714285715
1054748,2016-955538,2016-04-28,Vente,215000.0,ESP DES GUINANDIERS,77018,Bailly-Romainvilliers,1,Appartement,66.0,4.0,2.815374,48.848782,4,2016,3257.5757575757575
1054837,2016-955597,2016-04-26,Vente,173000.0,ESP DES GUINANDIERS,77018,Bailly-Romainvilliers,1,Appartement,50.0,3.0,2.815999,48.849182,4,2016,3460.0
1054871,2016-955621,2016-04-21,Vente,290000.0,CRS DE LA GARONNE,77449,Serris,2,Appartement,81.0,4.0,2.786107,48.855312,4,2016,3580.246913580247
1054906,2016-955640,2016-05-04,Vente,160000.0,CRS DE LA GARONNE,77449,Serris,1,Appartement,47.0,2.0,2.786383,48.854788,5,2016,3404.255319148936
1054911,2016-955642,2016-05-03,Vente,235000.0,RUE DE LA FONTAINE ROUGE,77111,Chessy,2,Appartement,58.0,3.0,2.773342,48.855841,5,2016,4051.7241379310344
1054913,2016-955643,2016-05-03,Vente,197000.0,RUE DES MURONS,77018,Bailly-Romainvilliers,1,Appartement,62.0,3.0,2.824816,48.852132,5,2016,3177.4193548387098
1054951,2016-955670,2016-04-25,Vente,130488.0,RUE DE LA BOISERIE,77268,Magny-le-Hongre,1,Appartement,19.0,1.0,2.820674,48.862311,4,2016,6867.789473684211
1054955,2016-955672,2016-04-19,Vente,324979.0,RUE DE LA BOISERIE,77268,Magny-le-Hongre,1,Appartement,23.0,1.0,2.820674,48.862311,4,2016,14129.521739130434
1054956,2016-955672,2016-04-19,Vente,324979.0,RUE DE LA BOISERIE,77268,Magny-le-Hongre,1,Appartement,23.0,1.0,2.820674,48.862311,4,2016,14129.521739130434
1054986,2016-955695,2016-05-07,Vente,207000.0,RUE DE LA GALMY,77111,Chessy,1,Appartement,57.0,3.0,2.772108,48.855764,5,2016,3631.5789473684213
1055086,2016-955768,2016-04-18,Vente,292900.0,CRS DE L ELBE,77449,Serris,1,Appartement,82.0,4.0,2.785284,48.857334,4,2016,3571.951219512195
1055120,2016-955795,2016-04-27,Vente,135864.0,RUE DE LA BOISERIE,77268,Magny-le-Hongre,1,Appartement,19.0,1.0,2.820674,48.862311,4,2016,7150.736842105263
1055121,2016-955796,2016-04-26,Vente,137619.0,RUE DE LA BOISERIE,77268,Magny-le-Hongre,1,Appartement,19.0,1.0,2.820674,48.862311,4,2016,7243.105263157895
1055128,2016-955800,2016-04-28,Vente,137339.0,RUE DE LA BOISERIE,77268,Magny-le-Hongre,1,Appartement,19.0,1.0,2.820674,48.862311,4,2016,7228.368421052632
1055129,2016-955801,2016-04-27,Vente,165716.0,RUE DE LA BOISERIE,77268,Magny-le-Hongre,1,Appartement,23.0,1.0,2.820674,48.862311,4,2016,7205.04347826087
1055145,2016-955807,2016-04-20,Vente,135926.0,RUE DE LA BOISERIE,77268,Magny-le-Hongre,1,Appartement,19.0,1.0,2.820674,48.862311,4,2016,7154.0
1055146,2016-955808,2016-04-27,Vente,297774.0,RUE DE LA BOISERIE,77268,Magny-le-Hongre,1,Appartement,19.0,1.0,2.820674,48.862311,4,2016,15672.315789473685
1055147,2016-955808,2016-04-27,Vente,297774.0,RUE DE LA BOISERIE,77268,Magny-le-Hongre,1,Appartement,23.0,1.0,2.820674,48.862311,4,2016,12946.695652173914
1055151,2016-955810,2016-04-28,Vente,133257.0,RUE DE LA BOISERIE,77268,Magny-le-Hongre,1,Appartement,19.0,1.0,2.820674,48.862311,4,2016,7013.526315789473
1055153,2016-955811,2016-04-22,Vente,137613.0,RUE DE LA BOISERIE,77268,Magny-le-Hongre,1,Appartement,19.0,1.0,2.820674,48.862311,4,2016,7242.789473684211
1055154,2016-955813,2016-04-27,Vente,162212.0,RUE DE LA BOISERIE,77268,Magny-le-Hongre,1,Appartement,23.0,1.0,2.820674,48.862311,4,2016,7052.695652173913
1055159,2016-955816,2016-04-28,Vente,135926.0,RUE DE LA BOISERIE,77268,Magny-le-Hongre,1,Appartement,19.0,1.0,2.820674,48.862311,4,2016,7154.0
1055163,2016-955818,2016-04-27,Vente,137619.0,RUE DE LA BOISERIE,77268,Magny-le-Hongre,1,Appartement,19.0,1.0,2.820674,48.862311,4,2016,7243.105263157895
1055178,2016-955830,2016-04-20,Vente,163687.0,RUE DE LA BOISERIE,77268,Magny-le-Hongre,1,Appartement,23.0,1.0,2.820674,48.862311,4,2016,7116.826086956522
1055186,2016-955837,2016-04-21,Vente,137126.0,RUE DE LA BOISERIE,77268,Magny-le-Hongre,1,Appartement,19.0,1.0,2.820674,48.862311,4,2016,7217.1578947368425
1055203,2016-955853,2016-05-03,Vente,170000.0,RUE DE LA GALMY,77111,Chessy,1,Appartement,36.0,2.0,2.772307,48.856432,5,2016,4722.222222222223
1055234,2016-955874,2016-05-03,Vente,167000.0,ALL TISSANDIER,77449,Serris,1,Appartement,48.0,2.0,2.781783,48.845827,5,2016,3479.1666666666665
1055274,2016-955911,2016-05-13,Vente,236000.0,RUE DU MANOIR,77268,Magny-le-Hongre,1,Appartement,63.0,3.0,2.818728,48.86982,5,2016,3746.031746031746
1055288,2016-955920,2016-05-17,Vente,170000.0,ALL DES BELLES AULNES,77449,Serris,2,Appartement,60.0,3.0,2.783123,48.849555,5,2016,2833.3333333333335
1055329,2016-955952,2016-05-13,Vente,159000.0,COUR DE LA FORGE,77449,Serris,1,Appartement,45.0,2.0,2.789096,48.843444,5,2016,3533.3333333333335
1055333,2016-955955,2016-05-17,Vente,154000.0,RUE DE LA FONTAINE ROUGE,77111,Chessy,1,Appartement,40.0,2.0,2.773342,48.855841,5,2016,3850.0
1055341,2016-955957,2016-05-17,Vente,130000.0,RUE D AMSTERDAM,77307,Montévrain,1,Appartement,30.0,1.0,2.76756,48.853979,5,2016,4333.333333333333
1055345,2016-955959,2016-05-20,Vente,136000.0,ALL DE DUBLIN,77307,Montévrain,1,Appartement,24.0,1.0,2.766796,48.854878,5,2016,5666.666666666667
1055349,2016-955961,2016-05-17,Vente,178500.0,SQ PAUL GAUGUIN,77268,Magny-le-Hongre,1,Appartement,47.0,3.0,2.812375,48.862491,5,2016,3797.872340425532
1055352,2016-955963,2016-05-20,Vente,225000.0,CRS DE LA GARONNE,77449,Serris,2,Appartement,66.0,3.0,2.786383,48.854788,5,2016,3409.090909090909
1055441,2016-956028,2016-04-29,Vente,162829.0,RUE DE LA BOISERIE,77268,Magny-le-Hongre,1,Appartement,23.0,1.0,2.820674,48.862311,4,2016,7079.521739130435
1055444,2016-956031,2016-04-29,Vente,163446.0,RUE DE LA BOISERIE,77268,Magny-le-Hongre,1,Appartement,23.0,1.0,2.820674,48.862311,4,2016,7106.347826086957
1055452,2016-956036,2016-05-04,Vente,136632.0,RUE DE LA BOISERIE,77268,Magny-le-Hongre,1,Appartement,19.0,1.0,2.820674,48.862311,5,2016,7191.1578947368425
1055467,2016-956051,2016-04-28,Vente,141264.0,RUE DE LA BOISERIE,77268,Magny-le-Hongre,1,Appartement,19.0,1.0,2.820674,48.862311,4,2016,7434.9473684210525
1055485,2016-956064,2016-05-12,Vente,170000.0,RUE DES MURONS,77018,Bailly-Romainvilliers,1,Appartement,40.0,2.0,2.827996,48.853305,5,2016,4250.0
1055540,2016-956115,2016-05-13,Vente,210000.0,RUE DES BERGES,77018,Bailly-Romainvilliers,1,Appartement,68.0,4.0,2.816385,48.850055,5,2016,3088.235294117647
1055578,2016-956141,2016-05-25,Vente,180000.0,RUE DE PRAGUE,77307,Montévrain,1,Appartement,43.0,2.0,2.7628,48.853901,5,2016,4186.046511627907
1055608,2016-956164,2016-05-10,Vente,134025.0,RUE DE LA BOISERIE,77268,Magny-le-Hongre,1,Appartement,19.0,1.0,2.820674,48.862311,5,2016,7053.9473684210525
1055674,2016-956206,2016-05-17,Vente,157600.0,AV DES FRENES,77307,Montévrain,1,Appartement,36.0,2.0,2.759956,48.871348,5,2016,4377.777777777777
1055692,2016-956220,2016-05-27,Vente,349000.0,RUE DE MAGELLAN,77449,Serris,1,Appartement,98.0,4.0,2.787538,48.853941,5,2016,3561.2244897959185
1055698,2016-956222,2016-05-13,Vente,241729.0,RUE DE LA BOISERIE,77268,Magny-le-Hongre,1,Appartement,33.0,1.0,2.820674,48.862311,5,2016,7325.121212121212
1055701,2016-956224,2016-05-18,Vente,142032.0,RUE DE LA BOISERIE,77268,Magny-le-Hongre,1,Appartement,19.0,1.0,2.820674,48.862311,5,2016,7475.368421052632
1055721,2016-956237,2016-05-11,Vente,170000.0,RUE DE LA FONTAINE ROUGE,77111,Chessy,1,Appartement,53.0,3.0,2.773342,48.855841,5,2016,3207.5471698113206
1055729,2016-956244,2016-05-20,Vente,175000.0,RUE DE LA CHARBONNIERE,77307,Montévrain,1,Appartement,51.0,3.0,2.765754,48.855891,5,2016,3431.372549019608
1055731,2016-956246,2016-05-11,Vente,134025.0,RUE DE LA BOISERIE,77268,Magny-le-Hongre,1,Appartement,19.0,1.0,2.820674,48.862311,5,2016,7053.9473684210525
1055756,2016-956261,2016-05-18,Vente,132000.0,CRS DU DANUBE,77449,Serris,1,Appartement,31.0,2.0,2.78639,48.855954,5,2016,4258.064516129032
1055762,2016-956266,2016-05-27,Vente,179000.0,RUE DE LA FONTAINE ROUGE,77111,Chessy,1,Appartement,36.0,2.0,2.773342,48.855841,5,2016,4972.222222222223
1055763,2016-956270,2016-05-30,Vente,209000.0,CHE DES VERGERS,77111,Chessy,2,Appartement,63.0,3.0,2.765859,48.876907,5,2016,3317.4603174603176
1055797,2016-956299,2016-05-31,Vente,290000.0,RUE DE LA HOUE,77268,Magny-le-Hongre,1,Appartement,74.0,4.0,2.813544,48.869274,5,2016,3918.9189189189187
1055801,2016-956300,2016-05-18,Vente,91500.0,RUE DU MOULIN A VENT,77268,Magny-le-Hongre,1,Appartement,17.0,1.0,2.809717,48.867114,5,2016,5382.35294117647
1055867,2016-956364,2016-05-26,Vente,194000.0,RUE DES BERGES,77018,Bailly-Romainvilliers,1,Appartement,60.0,3.0,2.817062,48.850198,5,2016,3233.3333333333335
1055902,2016-956397,2016-05-26,Vente,148000.0,RUE DE LA CHARBONNIERE,77307,Montévrain,1,Appartement,45.0,2.0,2.765754,48.855891,5,2016,3288.8888888888887
1055905,2016-956398,2016-05-26,Vente,141000.0,RUE DU MOULIN A VENT,77268,Magny-le-Hongre,1,Appartement,44.0,2.0,2.813347,48.866869,5,2016,3204.5454545454545
1055915,2016-956402,2016-05-31,Vente,202000.0,ALL DE DUBLIN,77307,Montévrain,1,Appartement,62.0,3.0,2.766132,48.854328,5,2016,3258.064516129032
1055933,2016-956416,2016-06-01,Vente,304000.0,CRS DE L ELBE,77449,Serris,1,Appartement,106.0,4.0,2.784357,48.856868,6,2016,2867.9245283018868
1055956,2016-956435,2016-06-07,Vente,226000.0,RUE DE VIENNE,77307,Montévrain,1,Appartement,63.0,3.0,2.7617,48.856367,6,2016,3587.3015873015875
1055964,2016-956441,2016-05-30,Vente,135620.0,PL D AMILLY,77449,Serris,1,Appartement,32.0,1.0,2.787103,48.843547,5,2016,4238.125
1055968,2016-956443,2016-05-12,Vente,255000.0,RUE EMILE CLOUD,77449,Serris,1,Appartement,80.0,4.0,2.787419,48.849427,5,2016,3187.5
1055976,2016-956455,2016-05-25,Vente,328304.0,RUE DE LA BOISERIE,77268,Magny-le-Hongre,1,Appartement,23.0,1.0,2.820674,48.862311,5,2016,14274.08695652174
1055977,2016-956455,2016-05-25,Vente,328304.0,RUE DE LA BOISERIE,77268,Magny-le-Hongre,1,Appartement,23.0,1.0,2.820674,48.862311,5,2016,14274.08695652174
1055990,2016-956461,2016-05-24,Vente,170000.0,CRS DU DANUBE,77449,Serris,1,Appartement,48.0,2.0,2.775601,48.855965,5,2016,3541.6666666666665
1055998,2016-956471,2016-05-27,Vente,200250.0,AV DES FRENES,77307,Montévrain,3,Appartement,61.0,3.0,2.761009,48.871225,5,2016,3282.7868852459014
1056015,2016-956487,2016-05-27,Vente,148000.0,RUE DES ANDAINS,77268,Magny-le-Hongre,1,Appartement,41.0,2.0,2.81236,48.865247,5,2016,3609.756097560976
1056016,2016-956488,2016-05-31,Vente,258000.0,CRS DU RHIN,77449,Serris,1,Appartement,70.0,3.0,2.783806,48.858654,5,2016,3685.714285714286
1056056,2016-956513,2016-06-01,Vente,173000.0,RUE DE L EPINETTE,77268,Magny-le-Hongre,1,Appartement,43.0,2.0,2.815647,48.86949,6,2016,4023.2558139534885
1056100,2016-956544,2016-05-30,Vente,195500.0,RUE DE VIENNE,77307,Montévrain,1,Appartement,39.0,2.0,2.760611,48.856017,5,2016,5012.820512820513
1056112,2016-956552,2016-05-31,Vente,200000.0,BD DU CHAMP DU MOULIN,77449,Serris,1,Appartement,70.0,3.0,2.786353,48.848775,5,2016,2857.1428571428573
1056120,2016-956556,2016-05-24,Vente,330732.0,RUE DE LA BOISERIE,77268,Magny-le-Hongre,1,Appartement,23.0,1.0,2.820674,48.862311,5,2016,14379.652173913044
1056121,2016-956556,2016-05-24,Vente,330732.0,RUE DE LA BOISERIE,77268,Magny-le-Hongre,1,Appartement,23.0,1.0,2.820674,48.862311,5,2016,14379.652173913044
1056203,2016-956618,2016-06-15,Vente,212000.0,RUE DE L EPINETTE,77268,Magny-le-Hongre,1,Appartement,63.0,3.0,2.815576,48.871727,6,2016,3365.0793650793653
1056226,2016-956632,2016-05-25,Vente,133257.0,RUE DE LA BOISERIE,77268,Magny-le-Hongre,1,Appartement,19.0,1.0,2.820674,48.862311,5,2016,7013.526315789473
1056227,2016-956633,2016-05-30,Vente,136632.0,RUE DE LA BOISERIE,77268,Magny-le-Hongre,1,Appartement,19.0,1.0,2.820674,48.862311,5,2016,7191.1578947368425
1056228,2016-956634,2016-05-26,Vente,133257.0,RUE DE LA BOISERIE,77268,Magny-le-Hongre,1,Appartement,19.0,1.0,2.820674,48.862311,5,2016,7013.526315789473
1056229,2016-956635,2016-05-27,Vente,131901.0,RUE DE LA BOISERIE,77268,Magny-le-Hongre,1,Appartement,19.0,1.0,2.820674,48.862311,5,2016,6942.1578947368425
1056243,2016-956646,2016-05-23,Vente,68400.0,RUE DU BOIS DE TROU,77018,Bailly-Romainvilliers,1,Appartement,63.0,3.0,2.820078,48.849716,5,2016,1085.7142857142858
1056381,2016-956757,2016-06-17,Vente,127000.0,AV FRANCOIS MITTERRAND,77307,Montévrain,1,Appartement,30.0,1.0,2.759493,48.866719,6,2016,4233.333333333333
1056387,2016-956763,2016-05-31,Vente,169003.0,RUE DE LA BOISERIE,77268,Magny-le-Hongre,1,Appartement,23.0,1.0,2.820674,48.862311,5,2016,7347.95652173913
1056389,2016-956764,2016-06-14,Vente,146000.0,SQ PAUL GAUGUIN,77268,Magny-le-Hongre,1,Appartement,47.0,2.0,2.812375,48.862491,6,2016,3106.3829787234044
1056390,2016-956765,2016-05-31,Vente,365655.0,RUE DE LA BOISERIE,77268,Magny-le-Hongre,1,Appartement,19.0,1.0,2.820674,48.862311,5,2016,19245.0
1056391,2016-956765,2016-05-31,Vente,365655.0,RUE DE LA BOISERIE,77268,Magny-le-Hongre,1,Appartement,19.0,1.0,2.820674,48.862311,5,2016,19245.0
1056393,2016-956765,2016-05-31,Vente,365655.0,RUE DE LA BOISERIE,77268,Magny-le-Hongre,1,Appartement,23.0,1.0,2.820674,48.862311,5,2016,15898.04347826087
1056394,2016-956766,2016-05-31,Vente,165038.0,RUE DE LA BOISERIE,77268,Magny-le-Hongre,1,Appartement,23.0,1.0,2.820674,48.862311,5,2016,7175.565217391304
1056397,2016-956767,2016-06-10,Vente,165000.0,PASS DU FOUR,77111,Chessy,1,Appartement,48.0,2.0,2.768978,48.878094,6,2016,3437.5
1056402,2016-956769,2016-05-31,Vente,162829.0,RUE DE LA BOISERIE,77268,Magny-le-Hongre,1,Appartement,23.0,1.0,2.820674,48.862311,5,2016,7079.521739130435
1056404,2016-956771,2016-06-14,Vente,224000.0,RUE DE VIENNE,77307,Montévrain,1,Appartement,66.0,3.0,2.7617,48.856367,6,2016,3393.939393939394
1056508,2016-956860,2016-06-06,Vente,183000.0,RUE DU CLOS GIRARD,77111,Chessy,1,Appartement,45.0,2.0,2.772249,48.878729,6,2016,4066.6666666666665
1056509,2016-956862,2016-06-23,Vente,217000.0,RUE DE L EPINETTE,77268,Magny-le-Hongre,1,Appartement,63.0,3.0,2.81359,48.866809,6,2016,3444.4444444444443
1056559,2016-956896,2016-05-31,Vente,133532.0,RUE DE LA BOISERIE,77268,Magny-le-Hongre,1,Appartement,19.0,1.0,2.820674,48.862311,5,2016,7028.0
1056564,2016-956899,2016-06-14,Vente,135926.0,RUE DE LA BOISERIE,77268,Magny-le-Hongre,1,Appartement,19.0,1.0,2.820674,48.862311,6,2016,7154.0
1056577,2016-956906,2016-06-17,Vente,218000.0,RUE DE BRUXELLES,77307,Montévrain,1,Appartement,60.0,3.0,2.762698,48.855472,6,2016,3633.3333333333335
1056582,2016-956910,2016-06-01,Vente,146981.0,RUE DE LA BOISERIE,77268,Magny-le-Hongre,1,Appartement,21.0,1.0,2.820674,48.862311,6,2016,6999.0952380952385
1056593,2016-956918,2016-05-30,Vente,211000.0,AV DES FRENES,77307,Montévrain,1,Appartement,52.0,3.0,2.759956,48.871348,5,2016,4057.6923076923076
1056694,2016-956992,2016-06-27,Vente,180000.0,CRS DE LA GARONNE,77449,Serris,1,Appartement,46.0,2.0,2.786107,48.855312,6,2016,3913.0434782608695
1056774,2016-957049,2016-06-27,Vente,386500.0,RUE DES SCANDINAVES,77449,Serris,1,Appartement,98.0,5.0,2.787996,48.858659,6,2016,3943.877551020408
1056787,2016-957066,2016-06-07,Vente,161971.0,RUE DE LA BOISERIE,77268,Magny-le-Hongre,1,Appartement,23.0,1.0,2.820674,48.862311,6,2016,7042.217391304348
1056792,2016-957068,2016-06-03,Vente,135926.0,RUE DE LA BOISERIE,77268,Magny-le-Hongre,1,Appartement,19.0,1.0,2.820674,48.862311,6,2016,7154.0
1056797,2016-957073,2016-06-06,Vente,135926.0,RUE DE LA BOISERIE,77268,Magny-le-Hongre,1,Appartement,19.0,1.0,2.820674,48.862311,6,2016,7154.0
1056806,2016-957079,2016-06-06,Vente,134732.0,RUE DE LA BOISERIE,77268,Magny-le-Hongre,1,Appartement,19.0,1.0,2.820674,48.862311,6,2016,7091.1578947368425
1056807,2016-957081,2016-06-09,Vente,133313.0,RUE DE LA BOISERIE,77268,Magny-le-Hongre,1,Appartement,19.0,1.0,2.820674,48.862311,6,2016,7016.473684210527
1056808,2016-957083,2016-06-09,Vente,164331.0,RUE DE LA BOISERIE,77268,Magny-le-Hongre,1,Appartement,23.0,1.0,2.820674,48.862311,6,2016,7144.826086956522
1056810,2016-957085,2016-06-08,Vente,132394.0,RUE DE LA BOISERIE,77268,Magny-le-Hongre,1,Appartement,19.0,1.0,2.820674,48.862311,6,2016,6968.105263157895
1056843,2016-957105,2016-06-22,Vente,335000.0,CRS DE LA GARONNE,77449,Serris,2,Appartement,104.0,5.0,2.78621,48.852987,6,2016,3221.153846153846
1056864,2016-957119,2016-06-23,Vente,227330.0,RUE DE BRUXELLES,77307,Montévrain,1,Appartement,65.0,3.0,2.762698,48.855472,6,2016,3497.3846153846152
1056878,2016-957127,2016-06-09,Vente,133257.0,RUE DE LA BOISERIE,77268,Magny-le-Hongre,1,Appartement,19.0,1.0,2.820674,48.862311,6,2016,7013.526315789473
1056886,2016-957134,2016-06-10,Vente,165716.0,RUE DE LA BOISERIE,77268,Magny-le-Hongre,1,Appartement,23.0,1.0,2.820674,48.862311,6,2016,7205.04347826087
1056889,2016-957135,2016-06-24,Vente,245000.0,AV DES FRENES,77307,Montévrain,1,Appartement,63.0,3.0,2.759956,48.871348,6,2016,3888.8888888888887
1056920,2016-957154,2016-06-21,Vente,210000.0,AV DES FRENES,77307,Montévrain,1,Appartement,53.0,3.0,2.759956,48.871348,6,2016,3962.264150943396
1057001,2016-957222,2016-07-01,Vente,200000.0,RUE DE LA CLE DES CHAMPS,77268,Magny-le-Hongre,1,Appartement,63.0,3.0,2.813347,48.866869,7,2016,3174.6031746031745
1057017,2016-957234,2016-06-17,Vente,329010.0,RUE DE LA BOISERIE,77268,Magny-le-Hongre,1,Appartement,23.0,1.0,2.820674,48.862311,6,2016,14304.782608695652
1057019,2016-957234,2016-06-17,Vente,329010.0,RUE DE LA BOISERIE,77268,Magny-le-Hongre,1,Appartement,23.0,1.0,2.820674,48.862311,6,2016,14304.782608695652
1057021,2016-957235,2016-06-17,Vente,165010.0,RUE DE LA BOISERIE,77268,Magny-le-Hongre,1,Appartement,23.0,1.0,2.820674,48.862311,6,2016,7174.347826086957
1057022,2016-957236,2016-06-17,Vente,132764.0,RUE DE LA BOISERIE,77268,Magny-le-Hongre,1,Appartement,19.0,1.0,2.820674,48.862311,6,2016,6987.578947368421
1057026,2016-957239,2016-06-16,Vente,164331.0,RUE DE LA BOISERIE,77268,Magny-le-Hongre,1,Appartement,23.0,1.0,2.820674,48.862311,6,2016,7144.826086956522
1057028,2016-957240,2016-06-16,Vente,136632.0,RUE DE LA BOISERIE,77268,Magny-le-Hongre,1,Appartement,19.0,1.0,2.820674,48.862311,6,2016,7191.1578947368425
1057029,2016-957241,2016-06-21,Vente,136419.0,RUE DE LA BOISERIE,77268,Magny-le-Hongre,1,Appartement,19.0,1.0,2.820674,48.862311,6,2016,7179.9473684210525
1057031,2016-957243,2016-06-16,Vente,133532.0,RUE DE LA BOISERIE,77268,Magny-le-Hongre,1,Appartement,19.0,1.0,2.820674,48.862311,6,2016,7028.0
1057035,2016-957247,2016-06-16,Vente,161971.0,RUE DE LA BOISERIE,77268,Magny-le-Hongre,1,Appartement,23.0,1.0,2.820674,48.862311,6,2016,7042.217391304348
1057040,2016-957249,2016-06-30,Vente,169000.0,PASS DU FOUR,77111,Chessy,1,Appartement,37.0,2.0,2.768978,48.878094,6,2016,4567.5675675675675
1057044,2016-957252,2016-06-30,Vente,290500.0,AV DES FRENES,77307,Montévrain,1,Appartement,76.0,4.0,2.759956,48.871348,6,2016,3822.3684210526317
1057197,2016-957377,2016-06-27,Vente,275200.0,RUE BOUDRY,77018,Bailly-Romainvilliers,1,Appartement,105.0,4.0,2.824728,48.846929,6,2016,2620.9523809523807
1057213,2016-957391,2016-06-17,Vente,161573.0,RUE DE LA BOISERIE,77268,Magny-le-Hongre,1,Appartement,23.0,1.0,2.820674,48.862311,6,2016,7024.913043478261
1057245,2016-957421,2016-07-07,Vente,179000.0,RUE DES FERMES,77268,Magny-le-Hongre,1,Appartement,44.0,2.0,2.812748,48.865878,7,2016,4068.181818181818
1057254,2016-957425,2016-07-01,Vente,175000.0,RUE EMILE CLOUD,77449,Serris,1,Appartement,48.0,2.0,2.787261,48.848767,7,2016,3645.8333333333335
1057301,2016-957459,2016-07-01,Vente,152000.0,RUE DU MOULIN A VENT,77268,Magny-le-Hongre,1,Appartement,35.0,2.0,2.812264,48.866276,7,2016,4342.857142857143
1057370,2016-957498,2016-06-16,Vente,120000.0,ALL DE DUBLIN,77307,Montévrain,1,Appartement,34.0,2.0,2.766132,48.854328,6,2016,3529.4117647058824
1057379,2016-957505,2016-06-18,Vente,168000.0,RUE DES FERMES,77268,Magny-le-Hongre,1,Appartement,44.0,2.0,2.813347,48.866869,6,2016,3818.181818181818
1057504,2016-957601,2016-06-29,Vente,222000.0,RUE DE LA FONTAINE ROUGE,77111,Chessy,1,Appartement,68.0,3.0,2.773342,48.855841,6,2016,3264.705882352941
1057511,2016-957606,2016-07-07,Vente,275000.0,RUE DE L EPINETTE,77268,Magny-le-Hongre,1,Appartement,63.0,3.0,2.813773,48.86518,7,2016,4365.079365079365
1057514,2016-957607,2016-07-07,Vente,173000.0,RUE DE LA CHARBONNIERE,77307,Montévrain,1,Appartement,53.0,3.0,2.766796,48.854878,7,2016,3264.1509433962265
1057517,2016-957610,2016-06-24,Vente,134732.0,RUE DE LA BOISERIE,77268,Magny-le-Hongre,1,Appartement,19.0,1.0,2.820674,48.862311,6,2016,7091.1578947368425
1057680,2016-957732,2016-06-24,Vente,137619.0,RUE DE LA BOISERIE,77268,Magny-le-Hongre,1,Appartement,19.0,1.0,2.820674,48.862311,6,2016,7243.105263157895
1057683,2016-957734,2016-07-01,Vente,218000.0,ALL DE DUBLIN,77307,Montévrain,1,Appartement,58.0,3.0,2.766132,48.854328,7,2016,3758.6206896551726
1057706,2016-957749,2016-07-05,Vente,355000.0,AV DE LA SOCIETE DES NATIONS,77307,Montévrain,1,Appartement,104.0,5.0,2.760658,48.85677,7,2016,3413.4615384615386
1057710,2016-957751,2016-06-28,Vente,137619.0,RUE DE LA BOISERIE,77268,Magny-le-Hongre,1,Appartement,19.0,1.0,2.820674,48.862311,6,2016,7243.105263157895
1057711,2016-957752,2016-06-24,Vente,137619.0,RUE DE LA BOISERIE,77268,Magny-le-Hongre,1,Appartement,19.0,1.0,2.820674,48.862311,6,2016,7243.105263157895
1057718,2016-957756,2016-07-01,Vente,180000.0,BD DU CHAMP DU MOULIN,77449,Serris,1,Appartement,60.0,3.0,2.786353,48.848775,7,2016,3000.0
1057726,2016-957763,2016-07-04,Vente,206000.0,RUE DE LA CHARBONNIERE,77307,Montévrain,2,Appartement,63.0,3.0,2.765754,48.855891,7,2016,3269.84126984127
1057763,2016-957777,2016-07-11,Vente,239000.0,CRS DE L ELBE,77449,Serris,1,Appartement,54.0,3.0,2.786552,48.857418,7,2016,4425.925925925926
1057769,2016-957780,2016-07-19,Vente,217300.0,AV DES FRENES,77307,Montévrain,1,Appartement,63.0,3.0,2.759956,48.871348,7,2016,3449.2063492063494
1057785,2016-957791,2016-07-12,Vente,180000.0,CRS DU TAGE,77449,Serris,2,Appartement,52.0,2.0,2.78621,48.852987,7,2016,3461.5384615384614
1057814,2016-957811,2016-07-08,Vente,104330.0,RUE DES BERGES,77018,Bailly-Romainvilliers,1,Appartement,27.0,1.0,2.817996,48.850447,7,2016,3864.074074074074
1057843,2016-957832,2016-07-07,Vente,245000.0,RUE DES ECURIES,77268,Magny-le-Hongre,1,Appartement,71.0,4.0,2.820026,48.870909,7,2016,3450.7042253521126
1057848,2016-957836,2016-07-04,Vente,158000.0,CHE DES VERGERS,77111,Chessy,1,Appartement,37.0,2.0,2.765459,48.87795,7,2016,4270.27027027027
1057858,2016-957844,2016-07-04,Vente,156700.0,PL D AMILLY,77449,Serris,1,Appartement,44.0,2.0,2.787103,48.843547,7,2016,3561.3636363636365
1057867,2016-957852,2016-07-19,Vente,170000.0,RUE DE LA FONTAINE ROUGE,77111,Chessy,1,Appartement,58.0,3.0,2.773342,48.855841,7,2016,2931.0344827586205
1057870,2016-957855,2016-07-04,Vente,217460.0,RUE DE BRUXELLES,77307,Montévrain,1,Appartement,59.0,3.0,2.761705,48.854971,7,2016,3685.762711864407
1057903,2016-957880,2016-07-19,Vente,167000.0,ALL DE ZURICH,77307,Montévrain,1,Appartement,45.0,2.0,2.764325,48.856141,7,2016,3711.1111111111113
1057978,2016-957940,2016-07-22,Vente,170200.0,RUE DE PRAGUE,77307,Montévrain,1,Appartement,43.0,2.0,2.762352,48.854315,7,2016,3958.139534883721
1058003,2016-957955,2016-07-21,Vente,150000.0,RUE DE LA FONTAINE ROUGE,77111,Chessy,1,Appartement,40.0,2.0,2.773342,48.855841,7,2016,3750.0
1058015,2016-957963,2016-06-30,Vente,281520.0,RUE DE LA BOISERIE,77268,Magny-le-Hongre,1,Appartement,19.0,1.0,2.820674,48.862311,6,2016,14816.842105263158
1058016,2016-957963,2016-06-30,Vente,281520.0,RUE DE LA BOISERIE,77268,Magny-le-Hongre,1,Appartement,19.0,1.0,2.820674,48.862311,6,2016,14816.842105263158
1058021,2016-957966,2016-06-28,Vente,136913.0,RUE DE LA BOISERIE,77268,Magny-le-Hongre,1,Appartement,19.0,1.0,2.820674,48.862311,6,2016,7205.9473684210525
1058068,2016-957998,2016-06-30,Vente,164858.0,RUE DE LA BOISERIE,77268,Magny-le-Hongre,1,Appartement,23.0,1.0,2.820674,48.862311,6,2016,7167.739130434783
1058088,2016-958019,2016-07-18,Vente,190000.0,RUE DU TAHURIAU,77018,Bailly-Romainvilliers,1,Appartement,54.0,2.0,2.823924,48.851721,7,2016,3518.5185185185187
1058108,2016-958034,2016-07-19,Vente,86500.0,RUE DE LA CHARBONNIERE,77307,Montévrain,1,Appartement,21.0,1.0,2.76756,48.853979,7,2016,4119.047619047619
1058114,2016-958037,2016-07-13,Vente,91500.0,RUE DU MOULIN A VENT,77268,Magny-le-Hongre,1,Appartement,18.0,2.0,2.809717,48.867114,7,2016,5083.333333333333
1058177,2016-958084,2016-07-01,Vente,415000.0,RUE DU MOULIN A VENT,77268,Magny-le-Hongre,1,Appartement,34.0,2.0,2.809717,48.867114,7,2016,12205.882352941177
1058178,2016-958084,2016-07-01,Vente,415000.0,RUE DU MOULIN A VENT,77268,Magny-le-Hongre,1,Appartement,34.0,2.0,2.809717,48.867114,7,2016,12205.882352941177
1058179,2016-958084,2016-07-01,Vente,415000.0,RUE DU MOULIN A VENT,77268,Magny-le-Hongre,1,Appartement,36.0,2.0,2.809717,48.867114,7,2016,11527.777777777777
1058231,2016-958121,2016-07-04,Vente,137301.0,RUE DE LA BOISERIE,77268,Magny-le-Hongre,1,Appartement,19.0,1.0,2.820674,48.862311,7,2016,7226.368421052632
1058252,2016-958130,2016-07-26,Vente,216000.0,RUE DE L EPINETTE,77268,Magny-le-Hongre,1,Appartement,58.0,3.0,2.81359,48.866809,7,2016,3724.137931034483
1058261,2016-958138,2016-07-07,Vente,146981.0,RUE DE LA BOISERIE,77268,Magny-le-Hongre,1,Appartement,21.0,1.0,2.820674,48.862311,7,2016,6999.0952380952385
1058265,2016-958140,2016-07-07,Vente,165565.0,RUE DE LA BOISERIE,77268,Magny-le-Hongre,1,Appartement,23.0,1.0,2.820674,48.862311,7,2016,7198.478260869565
1058314,2016-958173,2016-07-28,Vente,82000.0,RUE D AMSTERDAM,77307,Montévrain,1,Appartement,22.0,1.0,2.76756,48.853979,7,2016,3727.2727272727275
1058343,2016-958194,2016-07-25,Vente,278000.0,RUE DU CLOS GIRARD,77111,Chessy,1,Appartement,86.0,4.0,2.772249,48.878729,7,2016,3232.5581395348836
1058350,2016-958198,2016-07-28,Vente,171000.0,RUE DE PRAGUE,77307,Montévrain,1,Appartement,45.0,2.0,2.7628,48.853901,7,2016,3800.0
1058351,2016-958199,2016-07-26,Vente,125000.0,RUE D AMSTERDAM,77307,Montévrain,1,Appartement,30.0,1.0,2.76756,48.853979,7,2016,4166.666666666667
1058356,2016-958203,2016-08-01,Vente,229000.0,RUE DE PRAGUE,77307,Montévrain,1,Appartement,77.0,4.0,2.76312,48.854849,8,2016,2974.025974025974
1058366,2016-958209,2016-07-22,Vente,228000.0,AV DES FRENES,77307,Montévrain,1,Appartement,65.0,3.0,2.759956,48.871348,7,2016,3507.6923076923076
1058376,2016-958216,2016-07-29,Vente,150000.0,ALL DES BELLES AULNES,77449,Serris,1,Appartement,44.0,2.0,2.783123,48.849555,7,2016,3409.090909090909
1058385,2016-958220,2016-07-28,Vente,202000.0,ALL DE DUBLIN,77307,Montévrain,1,Appartement,54.0,3.0,2.766132,48.854328,7,2016,3740.740740740741
1058414,2016-958240,2016-07-29,Vente,263000.0,BD DU CHAMP DU MOULIN,77449,Serris,1,Appartement,85.0,3.0,2.786353,48.848775,7,2016,3094.1176470588234
1058422,2016-958246,2016-07-20,Vente,134500.0,RUE DES LABOURS,77268,Magny-le-Hongre,1,Appartement,26.0,1.0,2.813857,48.871427,7,2016,5173.076923076923
1058423,2016-958247,2016-07-20,Vente,185000.0,ESP DES GUINANDIERS,77018,Bailly-Romainvilliers,1,Appartement,72.0,4.0,2.815999,48.849182,7,2016,2569.4444444444443
1058468,2016-958272,2016-07-22,Vente,280000.0,RUE DES LABOURS,77268,Magny-le-Hongre,1,Appartement,79.0,4.0,2.813857,48.871427,7,2016,3544.3037974683543
1058564,2016-958338,2016-07-28,Vente,145000.0,RUE DE LA FONTAINE ROUGE,77111,Chessy,1,Appartement,45.0,2.0,2.773342,48.855841,7,2016,3222.222222222222
1058576,2016-958345,2016-07-25,Vente,229000.0,RUE DE BRUXELLES,77307,Montévrain,1,Appartement,64.0,3.0,2.764785,48.85566,7,2016,3578.125
1058586,2016-958354,2016-07-21,Vente,242000.0,RUE BOUDRY,77018,Bailly-Romainvilliers,1,Appartement,82.0,4.0,2.824728,48.846929,7,2016,2951.2195121951218
1058616,2016-958361,2016-07-08,Vente,394864.0,RUE DE LA BOISERIE,77268,Magny-le-Hongre,1,Appartement,23.0,1.0,2.820674,48.862311,7,2016,17168.0
1058618,2016-958361,2016-07-08,Vente,394864.0,RUE DE LA BOISERIE,77268,Magny-le-Hongre,1,Appartement,32.0,1.0,2.820674,48.862311,7,2016,12339.5
1058661,2016-958390,2016-08-03,Vente,381000.0,CRS DU TAGE,77449,Serris,1,Appartement,111.0,5.0,2.786741,48.85467,8,2016,3432.4324324324325
1058721,2016-958432,2016-07-28,Vente,166000.0,RUE DE L EPINETTE,77268,Magny-le-Hongre,1,Appartement,60.0,3.0,2.815097,48.865945,7,2016,2766.6666666666665
1058748,2016-958462,2016-07-13,Vente,131901.0,RUE DE LA BOISERIE,77268,Magny-le-Hongre,1,Appartement,19.0,1.0,2.820674,48.862311,7,2016,6942.1578947368425
1058752,2016-958465,2016-07-13,Vente,133745.0,RUE DE LA BOISERIE,77268,Magny-le-Hongre,1,Appartement,19.0,1.0,2.820674,48.862311,7,2016,7039.210526315789
1058755,2016-958468,2016-07-12,Vente,165038.0,RUE DE LA BOISERIE,77268,Magny-le-Hongre,1,Appartement,23.0,1.0,2.820674,48.862311,7,2016,7175.565217391304
1058762,2016-958472,2016-07-28,Vente,303000.0,RUE DU TAHURIAU,77018,Bailly-Romainvilliers,1,Appartement,100.0,5.0,2.823924,48.851721,7,2016,3030.0
1058776,2016-958484,2016-07-19,Vente,134025.0,RUE DE LA BOISERIE,77268,Magny-le-Hongre,1,Appartement,19.0,1.0,2.820674,48.862311,7,2016,7053.9473684210525
1058777,2016-958485,2016-07-22,Vente,137126.0,RUE DE LA BOISERIE,77268,Magny-le-Hongre,1,Appartement,19.0,1.0,2.820674,48.862311,7,2016,7217.1578947368425
1058781,2016-958488,2016-07-20,Vente,135864.0,RUE DE LA BOISERIE,77268,Magny-le-Hongre,1,Appartement,19.0,1.0,2.820674,48.862311,7,2016,7150.736842105263
1058783,2016-958489,2016-07-20,Vente,164331.0,RUE DE LA BOISERIE,77268,Magny-le-Hongre,1,Appartement,23.0,1.0,2.820674,48.862311,7,2016,7144.826086956522
1058800,2016-958499,2016-07-28,Vente,301000.0,RUE DE BRUXELLES,77307,Montévrain,1,Appartement,81.0,4.0,2.762698,48.855472,7,2016,3716.0493827160494
1058829,2016-958518,2016-08-04,Vente,306000.0,CRS DU TAGE,77449,Serris,1,Appartement,88.0,4.0,2.786741,48.85467,8,2016,3477.2727272727275
1058846,2016-958529,2016-08-05,Vente,213775.0,RUE DES FERMES,77268,Magny-le-Hongre,1,Appartement,60.0,3.0,2.812748,48.865878,8,2016,3562.9166666666665
1058880,2016-958557,2016-07-22,Vente,167612.0,RUE DE LA BOISERIE,77268,Magny-le-Hongre,1,Appartement,23.0,1.0,2.820674,48.862311,7,2016,7287.478260869565
1058881,2016-958558,2016-07-22,Vente,138657.0,RUE DE LA BOISERIE,77268,Magny-le-Hongre,1,Appartement,19.0,1.0,2.820674,48.862311,7,2016,7297.736842105263
1058882,2016-958559,2016-07-22,Vente,139425.0,RUE DE LA BOISERIE,77268,Magny-le-Hongre,1,Appartement,19.0,1.0,2.820674,48.862311,7,2016,7338.1578947368425
1058896,2016-958568,2016-07-13,Vente,272000.0,RUE DES LABOURS,77268,Magny-le-Hongre,1,Appartement,80.0,4.0,2.813857,48.871427,7,2016,3400.0
1058908,2016-958578,2016-07-29,Vente,160000.0,RUE DES BERGES,77018,Bailly-Romainvilliers,1,Appartement,31.0,2.0,2.817996,48.850447,7,2016,5161.290322580645
1059011,2016-958638,2016-07-29,Vente,230000.0,CRS DU TAGE,77449,Serris,1,Appartement,63.0,3.0,2.786741,48.85467,7,2016,3650.7936507936506
1059054,2016-958675,2016-08-04,Vente,242000.0,RUE DE BELLESANE,77018,Bailly-Romainvilliers,1,Appartement,75.0,4.0,2.815374,48.848782,8,2016,3226.6666666666665
1059077,2016-958693,2016-07-20,Vente,133532.0,RUE DE LA BOISERIE,77268,Magny-le-Hongre,1,Appartement,19.0,1.0,2.820674,48.862311,7,2016,7028.0
1059139,2016-958737,2016-07-25,Vente,224000.0,RUE DU MOULIN A VENT,77268,Magny-le-Hongre,1,Appartement,63.0,2.0,2.813347,48.866869,7,2016,3555.5555555555557
1059173,2016-958758,2016-08-01,Vente,190569.0,RUE DE PRAGUE,77307,Montévrain,2,Appartement,52.0,2.0,2.7636,48.853044,8,2016,3664.7884615384614
1059193,2016-958775,2016-07-28,Vente,137339.0,RUE DE LA BOISERIE,77268,Magny-le-Hongre,1,Appartement,19.0,1.0,2.820674,48.862311,7,2016,7228.368421052632
1059194,2016-958776,2016-07-29,Vente,133257.0,RUE DE LA BOISERIE,77268,Magny-le-Hongre,1,Appartement,19.0,1.0,2.820674,48.862311,7,2016,7013.526315789473
1059195,2016-958777,2016-07-29,Vente,136632.0,RUE DE LA BOISERIE,77268,Magny-le-Hongre,1,Appartement,19.0,1.0,2.820674,48.862311,7,2016,7191.1578947368425
1059197,2016-958779,2016-07-28,Vente,133039.0,RUE DE LA BOISERIE,77268,Magny-le-Hongre,1,Appartement,19.0,1.0,2.820674,48.862311,7,2016,7002.0526315789475
1059201,2016-958781,2016-07-27,Vente,,RUE DE LA BOISERIE,77268,Magny-le-Hongre,1,Appartement,19.0,1.0,2.820674,48.862311,7,2016,
1059204,2016-958784,2016-07-26,Vente,147536.0,RUE DE LA BOISERIE,77268,Magny-le-Hongre,1,Appartement,21.0,1.0,2.820674,48.862311,7,2016,7025.523809523809
1059265,2016-958819,2016-08-05,Vente,225000.0,AV DES FRENES,77307,Montévrain,1,Appartement,64.0,3.0,2.759956,48.871348,8,2016,3515.625
1059270,2016-958821,2016-08-02,Vente,136632.0,RUE DE LA BOISERIE,77268,Magny-le-Hongre,1,Appartement,19.0,1.0,2.820674,48.862311,8,2016,7191.1578947368425
1059271,2016-958823,2016-08-08,Vente,150000.0,AV DES FRENES,77307,Montévrain,1,Appartement,36.0,2.0,2.759956,48.871348,8,2016,4166.666666666667
1059307,2016-958849,2016-08-11,Vente,220000.0,RUE DE BRUXELLES,77307,Montévrain,1,Appartement,59.0,3.0,2.763642,48.85586,8,2016,3728.813559322034
1059327,2016-958862,2016-08-05,Vente,201500.0,RUE DES FRICHES,77018,Bailly-Romainvilliers,1,Appartement,77.0,4.0,2.819909,48.847996,8,2016,2616.883116883117
1059331,2016-958865,2016-08-05,Vente,169000.0,RUE DE LA GALMY,77111,Chessy,1,Appartement,44.0,2.0,2.772108,48.855764,8,2016,3840.909090909091
1059374,2016-958902,2016-08-23,Vente,167500.0,RUE DE BRUXELLES,77307,Montévrain,1,Appartement,43.0,2.0,2.761705,48.854971,8,2016,3895.3488372093025
1059433,2016-958939,2016-08-05,Vente,127000.0,RUE D AMSTERDAM,77307,Montévrain,1,Appartement,30.0,1.0,2.76756,48.853979,8,2016,4233.333333333333
1059442,2016-958943,2016-08-08,Vente,195000.0,RUE DES BERGES,77018,Bailly-Romainvilliers,1,Appartement,55.0,3.0,2.815766,48.849664,8,2016,3545.4545454545455
1059453,2016-958952,2016-08-25,Vente,235000.0,RUE DE LA FONTAINE ROUGE,77111,Chessy,1,Appartement,61.0,3.0,2.773342,48.855841,8,2016,3852.4590163934427
1059463,2016-958956,2016-08-16,Vente,282800.0,RUE VASCO DE GAMA,77449,Serris,1,Appartement,82.0,4.0,2.787538,48.853941,8,2016,3448.7804878048782
1059517,2016-959002,2016-08-22,Vente,228000.0,RUE DE LA CHARBONNIERE,77307,Montévrain,1,Appartement,62.0,3.0,2.766796,48.854878,8,2016,3677.4193548387098
1059527,2016-959009,2016-08-04,Vente,152381.0,RUE DE LA BOISERIE,77268,Magny-le-Hongre,1,Appartement,21.0,1.0,2.820674,48.862311,8,2016,7256.238095238095
1059528,2016-959010,2016-08-05,Vente,182000.0,CRS DE LA GARONNE,77449,Serris,2,Appartement,49.0,2.0,2.78621,48.852987,8,2016,3714.285714285714
1059530,2016-959011,2016-08-04,Vente,205000.0,RUE DE LA FONTAINE ROUGE,77111,Chessy,1,Appartement,55.0,3.0,2.77269,48.855585,8,2016,3727.2727272727275
1059577,2016-959049,2016-08-05,Vente,165565.0,RUE DE LA BOISERIE,77268,Magny-le-Hongre,1,Appartement,23.0,1.0,2.820674,48.862311,8,2016,7198.478260869565
1059585,2016-959053,2016-08-08,Vente,262500.0,RUE DE COPENHAGUE,77307,Montévrain,2,Appartement,65.0,3.0,2.763297,48.856969,8,2016,4038.4615384615386
1059608,2016-959068,2016-08-24,Vente,157000.0,AV DES FRENES,77307,Montévrain,1,Appartement,40.0,2.0,2.759956,48.871348,8,2016,3925.0
1059652,2016-959101,2016-08-30,Vente,168000.0,SQ PAUL GAUGUIN,77268,Magny-le-Hongre,1,Appartement,59.0,3.0,2.812375,48.862491,8,2016,2847.4576271186443
1059664,2016-959108,2016-08-11,Vente,276000.0,RUE DE LA DHUIS,77111,Chessy,2,Appartement,81.0,3.0,2.764777,48.88089,8,2016,3407.4074074074074
1059754,2016-959183,2016-09-05,Vente,239000.0,RUE DE BRUXELLES,77307,Montévrain,1,Appartement,69.0,4.0,2.763642,48.85586,9,2016,3463.768115942029
1059802,2016-959218,2016-08-25,Vente,176000.0,CRS DU TAGE,77449,Serris,1,Appartement,45.0,2.0,2.786741,48.85467,8,2016,3911.1111111111113
1059920,2016-959300,2016-08-23,Vente,131688.0,RUE DE LA BOISERIE,77268,Magny-le-Hongre,1,Appartement,19.0,1.0,2.820674,48.862311,8,2016,6930.9473684210525
1059924,2016-959303,2016-08-30,Vente,188000.0,ALL DE VARSOVIE,77307,Montévrain,1,Appartement,63.0,3.0,2.765754,48.855891,8,2016,2984.126984126984
1059942,2016-959311,2016-09-08,Vente,185000.0,RUE DE LA CHARBONNIERE,77307,Montévrain,2,Appartement,53.0,3.0,2.766796,48.854878,9,2016,3490.566037735849
1059949,2016-959318,2016-08-26,Vente,158200.0,RUE DE LA CHARBONNIERE,77307,Montévrain,1,Appartement,47.0,2.0,2.765754,48.855891,8,2016,3365.9574468085107
1059965,2016-959334,2016-08-29,Vente,205000.0,RUE DES GRANDS PRES,77111,Chessy,3,Appartement,508.0,0.0,2.774476,48.857538,8,2016,403.54330708661416
1059969,2016-959338,2016-08-25,Vente,269500.0,RUE DE PRAGUE,77307,Montévrain,3,Appartement,69.0,3.0,2.7636,48.853044,8,2016,3905.7971014492755
1059973,2016-959341,2016-09-07,Vente,210000.0,RUE DE PRAGUE,77307,Montévrain,1,Appartement,61.0,3.0,2.76312,48.854849,9,2016,3442.622950819672
1059978,2016-959344,2016-09-01,Vente,226000.0,RUE DE LA DHUIS,77111,Chessy,2,Appartement,54.0,3.0,2.764777,48.88089,9,2016,4185.185185185185
1059983,2016-959347,2016-09-06,Vente,179000.0,AV DES FRENES,77307,Montévrain,1,Appartement,44.0,2.0,2.759956,48.871348,9,2016,4068.181818181818
1060007,2016-959363,2016-08-31,Vente,227668.0,RUE DE LA BOISERIE,77268,Magny-le-Hongre,1,Appartement,32.0,1.0,2.820674,48.862311,8,2016,7114.625
1060009,2016-959364,2016-09-02,Vente,135158.0,RUE DE LA BOISERIE,77268,Magny-le-Hongre,1,Appartement,19.0,1.0,2.820674,48.862311,9,2016,7113.578947368421
1060010,2016-959365,2016-08-30,Vente,137126.0,RUE DE LA BOISERIE,77268,Magny-le-Hongre,1,Appartement,19.0,1.0,2.820674,48.862311,8,2016,7217.1578947368425
1060011,2016-959366,2016-09-02,Vente,133745.0,RUE DE LA BOISERIE,77268,Magny-le-Hongre,1,Appartement,19.0,1.0,2.820674,48.862311,9,2016,7039.210526315789
1060012,2016-959367,2016-08-26,Vente,235623.0,RUE DE LA BOISERIE,77268,Magny-le-Hongre,1,Appartement,33.0,1.0,2.820674,48.862311,8,2016,7140.090909090909
1060033,2016-959380,2016-08-31,Vente,136913.0,RUE DE LA BOISERIE,77268,Magny-le-Hongre,1,Appartement,19.0,1.0,2.820674,48.862311,8,2016,7205.9473684210525
1060036,2016-959382,2016-08-26,Vente,133257.0,RUE DE LA BOISERIE,77268,Magny-le-Hongre,1,Appartement,19.0,1.0,2.820674,48.862311,8,2016,7013.526315789473
1060039,2016-959384,2016-09-01,Vente,224000.0,RUE DE VIENNE,77307,Montévrain,1,Appartement,65.0,3.0,2.760611,48.856017,9,2016,3446.153846153846
1060050,2016-959392,2016-08-25,Vente,253000.0,CRS DU TAGE,77449,Serris,1,Appartement,65.0,3.0,2.786913,48.854067,8,2016,3892.3076923076924
1060054,2016-959393,2016-09-09,Vente,314000.0,ALL DE DUBLIN,77307,Montévrain,1,Appartement,83.0,4.0,2.766132,48.854328,9,2016,3783.132530120482
1060068,2016-959402,2016-09-08,Vente,97000.0,RUE DE LA CHARBONNIERE,77307,Montévrain,1,Appartement,34.0,3.0,2.76756,48.853979,9,2016,2852.9411764705883
1060079,2016-959408,2016-09-01,Vente,169688.0,CRS DE L ELBE,77449,Serris,1,Appartement,45.0,2.0,2.785284,48.857334,9,2016,3770.8444444444444
1060080,2016-959410,2016-09-08,Vente,245000.0,CRS DU TAGE,77449,Serris,1,Appartement,65.0,3.0,2.786741,48.85467,9,2016,3769.230769230769
1060099,2016-959426,2016-08-26,Vente,256000.0,RUE BOUCLE DES HESPERIDES,77268,Magny-le-Hongre,1,Appartement,72.0,4.0,2.812047,48.870759,8,2016,3555.5555555555557
1060104,2016-959429,2016-09-08,Vente,245000.0,AV DES FRENES,77307,Montévrain,1,Appartement,65.0,3.0,2.759956,48.871348,9,2016,3769.230769230769
1060119,2016-959443,2016-08-29,Vente,325356.0,RUE DE LA BOISERIE,77268,Magny-le-Hongre,1,Appartement,23.0,1.0,2.820674,48.862311,8,2016,14145.91304347826
1060122,2016-959443,2016-08-29,Vente,325356.0,RUE DE LA BOISERIE,77268,Magny-le-Hongre,1,Appartement,23.0,1.0,2.820674,48.862311,8,2016,14145.91304347826
1060283,2016-959559,2016-09-13,Vente,88000.0,RUE D AMSTERDAM,77307,Montévrain,1,Appartement,22.0,1.0,2.76756,48.853979,9,2016,4000.0
1060287,2016-959563,2016-09-16,Vente,247520.0,RUE DE L EPINETTE,77268,Magny-le-Hongre,1,Appartement,64.0,3.0,2.815647,48.86949,9,2016,3867.5
1060297,2016-959571,2016-09-01,Vente,157000.0,CRS DE LA GARONNE,77449,Serris,1,Appartement,43.0,2.0,2.786383,48.854788,9,2016,3651.1627906976746
1060440,2016-959664,2016-09-09,Vente,235000.0,RUE DE BRUXELLES,77307,Montévrain,1,Appartement,61.0,3.0,2.762698,48.855472,9,2016,3852.4590163934427
1060452,2016-959672,2016-09-16,Vente,184000.0,ALL DE VARSOVIE,77307,Montévrain,1,Appartement,56.0,2.0,2.765754,48.855891,9,2016,3285.714285714286
1060524,2016-959722,2016-09-14,Vente,226500.0,RUE DE LA CLE DES CHAMPS,77268,Magny-le-Hongre,1,Appartement,63.0,3.0,2.813347,48.866869,9,2016,3595.2380952380954
1060548,2016-959739,2016-09-28,Vente,230000.0,RUE DE L EPINETTE,77268,Magny-le-Hongre,1,Appartement,61.0,3.0,2.815647,48.86949,9,2016,3770.4918032786886
1060555,2016-959744,2016-09-20,Vente,123490.0,RUE DU MANOIR,77268,Magny-le-Hongre,1,Appartement,70.0,3.0,2.818006,48.869149,9,2016,1764.142857142857
1060575,2016-959760,2016-09-20,Vente,131450.0,RUE DU MANOIR,77268,Magny-le-Hongre,1,Appartement,61.0,3.0,2.818006,48.869149,9,2016,2154.9180327868853
1060598,2016-959775,2016-09-13,Vente,206000.0,RUE DE LA CHARBONNIERE,77307,Montévrain,1,Appartement,62.0,3.0,2.765754,48.855891,9,2016,3322.5806451612902
1060623,2016-959791,2016-09-30,Vente,216000.0,ALL GDE ALL VAPILLON,77449,Serris,1,Appartement,66.0,3.0,2.781217,48.846541,9,2016,3272.7272727272725
1060649,2016-959807,2016-09-20,Vente,85000.0,RUE D AMSTERDAM,77307,Montévrain,1,Appartement,22.0,1.0,2.76756,48.853979,9,2016,3863.6363636363635
1060670,2016-959819,2016-09-20,Vente,205000.0,CRS DU DANUBE,77449,Serris,1,Appartement,63.0,3.0,2.784357,48.856868,9,2016,3253.968253968254
1060713,2016-959853,2016-09-08,Vente,136913.0,RUE DE LA BOISERIE,77268,Magny-le-Hongre,1,Appartement,19.0,1.0,2.820674,48.862311,9,2016,7205.9473684210525
1060729,2016-959867,2016-09-09,Vente,136632.0,RUE DE LA BOISERIE,77268,Magny-le-Hongre,1,Appartement,19.0,1.0,2.820674,48.862311,9,2016,7191.1578947368425
1060731,2016-959868,2016-09-09,Vente,165010.0,RUE DE LA BOISERIE,77268,Magny-le-Hongre,1,Appartement,23.0,1.0,2.820674,48.862311,9,2016,7174.347826086957
1060734,2016-959872,2016-09-08,Vente,134025.0,RUE DE LA BOISERIE,77268,Magny-le-Hongre,1,Appartement,19.0,1.0,2.820674,48.862311,9,2016,7053.9473684210525
1060741,2016-959875,2016-09-08,Vente,166333.0,RUE DE LA BOISERIE,77268,Magny-le-Hongre,1,Appartement,23.0,1.0,2.820674,48.862311,9,2016,7231.869565217391
1060751,2016-959881,2016-09-27,Vente,242000.0,AV DE LA SOCIETE DES NATIONS,77307,Montévrain,1,Appartement,60.0,3.0,2.760524,48.857234,9,2016,4033.3333333333335
1060779,2016-959901,2016-09-08,Vente,160000.0,PL D ARIANE,77449,Serris,1,Appartement,43.0,2.0,2.775601,48.855965,9,2016,3720.9302325581393
1060915,2016-959989,2016-09-08,Vente,136913.0,RUE DE LA BOISERIE,77268,Magny-le-Hongre,1,Appartement,19.0,1.0,2.820674,48.862311,9,2016,7205.9473684210525
1060918,2016-959991,2016-09-13,Vente,269775.0,CRS DE L ELBE,77449,Serris,1,Appartement,79.0,4.0,2.785284,48.857334,9,2016,3414.8734177215188
1060937,2016-960012,2016-09-14,Vente,136632.0,RUE DE LA BOISERIE,77268,Magny-le-Hongre,1,Appartement,19.0,1.0,2.820674,48.862311,9,2016,7191.1578947368425
1060945,2016-960017,2016-09-14,Vente,137619.0,RUE DE LA BOISERIE,77268,Magny-le-Hongre,1,Appartement,19.0,1.0,2.820674,48.862311,9,2016,7243.105263157895
1060948,2016-960020,2016-09-15,Vente,132394.0,RUE DE LA BOISERIE,77268,Magny-le-Hongre,1,Appartement,19.0,1.0,2.820674,48.862311,9,2016,6968.105263157895
1061014,2016-960071,2016-09-12,Vente,200000.0,CRS DU TAGE,77449,Serris,1,Appartement,51.0,3.0,2.786913,48.854067,9,2016,3921.5686274509803
1061072,2016-960120,2016-09-16,Vente,120000.0,ALL DES BELLES AULNES,77449,Serris,2,Appartement,29.0,1.0,2.783123,48.849555,9,2016,4137.931034482759
1061114,2016-960153,2016-09-28,Vente,175000.0,RUE DE VIENNE,77307,Montévrain,1,Appartement,37.0,2.0,2.760611,48.856017,9,2016,4729.72972972973
1061116,2016-960155,2016-09-29,Vente,244000.0,RUE DE BRUXELLES,77307,Montévrain,1,Appartement,63.0,3.0,2.761705,48.854971,9,2016,3873.0158730158732
1061122,2016-960158,2016-09-28,Vente,135000.0,RUE DE LA CHARBONNIERE,77307,Montévrain,1,Appartement,31.0,2.0,2.76756,48.853979,9,2016,4354.8387096774195
1061123,2016-960159,2016-09-20,Vente,268050.0,RUE DE LA BOISERIE,77268,Magny-le-Hongre,1,Appartement,19.0,1.0,2.820674,48.862311,9,2016,14107.894736842105
1061124,2016-960159,2016-09-20,Vente,268050.0,RUE DE LA BOISERIE,77268,Magny-le-Hongre,1,Appartement,19.0,1.0,2.820674,48.862311,9,2016,14107.894736842105
1061126,2016-960160,2016-09-29,Vente,172000.0,RUE DE BRUXELLES,77307,Montévrain,1,Appartement,43.0,2.0,2.761705,48.854971,9,2016,4000.0
1061139,2016-960168,2016-10-04,Vente,183951.0,AV DES FRENES,77307,Montévrain,1,Appartement,47.0,2.0,2.759956,48.871348,10,2016,3913.851063829787
1061179,2016-960204,2016-10-14,Vente,221000.0,RUE EMILE CLOUD,77449,Serris,1,Appartement,70.0,3.0,2.787261,48.848767,10,2016,3157.1428571428573
1061249,2016-960262,2016-10-07,Vente,188000.0,RUE DES FERMES,77111,Chessy,2,Appartement,53.0,3.0,2.76691,48.877187,10,2016,3547.169811320755
1061275,2016-960284,2016-10-14,Vente,185000.0,RUE DE PRAGUE,77307,Montévrain,1,Appartement,52.0,2.0,2.7628,48.853901,10,2016,3557.6923076923076
1061325,2016-960323,2016-10-13,Vente,170000.0,CRS DU DANUBE,77449,Serris,1,Appartement,49.0,3.0,2.78639,48.855954,10,2016,3469.387755102041
1061328,2016-960325,2016-10-13,Vente,111000.0,RUE DES BERGES,77018,Bailly-Romainvilliers,1,Appartement,29.0,1.0,2.815766,48.849664,10,2016,3827.5862068965516
1061330,2016-960327,2016-10-12,Vente,224000.0,AV DES FRENES,77307,Montévrain,1,Appartement,63.0,2.0,2.759956,48.871348,10,2016,3555.5555555555557
1061337,2016-960332,2016-10-10,Vente,257000.0,CRS DU DANUBE,77449,Serris,1,Appartement,81.0,4.0,2.775601,48.855965,10,2016,3172.8395061728397
1061342,2016-960334,2016-10-10,Vente,106000.0,RUE DE LA CHARBONNIERE,77307,Montévrain,1,Appartement,31.0,2.0,2.76756,48.853979,10,2016,3419.3548387096776
1061353,2016-960341,2016-10-11,Vente,152000.0,ALL DE DUBLIN,77307,Montévrain,1,Appartement,44.0,2.0,2.766132,48.854328,10,2016,3454.5454545454545
1061373,2016-960358,2016-09-23,Vente,319000.0,RUE DE STOCKHOLM,77307,Montévrain,1,Appartement,75.0,4.0,2.763196,48.858521,9,2016,4253.333333333333
1061386,2016-960366,2016-10-07,Vente,260000.0,RUE DU TAHURIAU,77018,Bailly-Romainvilliers,1,Appartement,87.0,4.0,2.823368,48.851454,10,2016,2988.5057471264367
1061455,2016-960406,2016-10-05,Vente,304000.0,RUE DES BEUYOTTES,77018,Bailly-Romainvilliers,1,Appartement,88.0,4.0,2.823393,48.853126,10,2016,3454.5454545454545
1061580,2016-960495,2016-10-03,Vente,250000.0,RUE DE LA CHARBONNIERE,77307,Montévrain,2,Appartement,75.0,4.0,2.765754,48.855891,10,2016,3333.3333333333335
1061600,2016-960512,2016-09-29,Vente,280000.0,RUE DE STOCKHOLM,77307,Montévrain,1,Appartement,66.0,3.0,2.763196,48.858521,9,2016,4242.424242424242
1061602,2016-960515,2016-09-28,Vente,265000.0,RUE DE STOCKHOLM,77307,Montévrain,1,Appartement,66.0,4.0,2.763196,48.858521,9,2016,4015.151515151515
1061655,2016-960553,2016-09-30,Vente,265000.0,CRS DE LA GARONNE,77449,Serris,2,Appartement,83.0,4.0,2.786107,48.855312,9,2016,3192.7710843373493
1061659,2016-960554,2016-10-14,Vente,163000.0,RUE DES FERMES,77268,Magny-le-Hongre,1,Appartement,42.0,2.0,2.812748,48.865878,10,2016,3880.9523809523807
1061667,2016-960558,2016-10-04,Vente,202000.0,RUE DE LA GALMY,77111,Chessy,1,Appartement,484.0,0.0,2.772108,48.855764,10,2016,417.35537190082647
1061684,2016-960569,2016-10-17,Vente,156000.0,RUE DU MOULIN A VENT,77268,Magny-le-Hongre,1,Appartement,34.0,2.0,2.812264,48.866276,10,2016,4588.235294117647
1061693,2016-960574,2016-10-19,Vente,210350.0,RUE DES FERMES,77268,Magny-le-Hongre,1,Appartement,63.0,3.0,2.812748,48.865878,10,2016,3338.8888888888887
1061702,2016-960579,2016-09-28,Vente,131688.0,RUE DE LA BOISERIE,77268,Magny-le-Hongre,1,Appartement,19.0,1.0,2.820674,48.862311,9,2016,6930.9473684210525
1061705,2016-960581,2016-09-28,Vente,161265.0,RUE DE LA BOISERIE,77268,Magny-le-Hongre,1,Appartement,23.0,1.0,2.820674,48.862311,9,2016,7011.521739130435
1061710,2016-960585,2016-09-27,Vente,329868.0,RUE DE LA BOISERIE,77268,Magny-le-Hongre,1,Appartement,23.0,1.0,2.820674,48.862311,9,2016,14342.08695652174
1061712,2016-960585,2016-09-27,Vente,329868.0,RUE DE LA BOISERIE,77268,Magny-le-Hongre,1,Appartement,23.0,1.0,2.820674,48.862311,9,2016,14342.08695652174
1061727,2016-960596,2016-10-14,Vente,138000.0,RUE DU BOIS DE TROU,77018,Bailly-Romainvilliers,1,Appartement,39.0,2.0,2.820078,48.849716,10,2016,3538.4615384615386
1061746,2016-960612,2016-10-21,Vente,216672.0,RUE DU CLOS GIRARD,77111,Chessy,1,Appartement,58.0,3.0,2.772804,48.879199,10,2016,3735.7241379310344
1061770,2016-960628,2016-10-19,Vente,194000.0,ESP DES GUINANDIERS,77018,Bailly-Romainvilliers,1,Appartement,60.0,4.0,2.815374,48.848782,10,2016,3233.3333333333335
1061808,2016-960651,2016-10-20,Vente,276000.0,RUE DE PRAGUE,77307,Montévrain,2,Appartement,78.0,4.0,2.762352,48.854315,10,2016,3538.4615384615386
1061821,2016-960664,2016-10-04,Vente,220000.0,ESP DES GUINANDIERS,77018,Bailly-Romainvilliers,1,Appartement,69.0,4.0,2.815999,48.849182,10,2016,3188.4057971014495
1061867,2016-960696,2016-10-11,Vente,169087.0,RUE DE LA BOISERIE,77268,Magny-le-Hongre,1,Appartement,23.0,1.0,2.820674,48.862311,10,2016,7351.608695652174
1061888,2016-960721,2016-10-07,Vente,134025.0,RUE DE LA BOISERIE,77268,Magny-le-Hongre,1,Appartement,19.0,1.0,2.820674,48.862311,10,2016,7053.9473684210525
1061939,2016-960759,2016-10-14,Vente,190000.0,RUE DE LA CHARBONNIERE,77307,Montévrain,1,Appartement,43.0,2.0,2.765754,48.855891,10,2016,4418.604651162791
1061952,2016-960773,2016-10-24,Vente,315000.0,RUE DES GRANDS PRES,77111,Chessy,2,Appartement,85.0,4.0,2.774476,48.857538,10,2016,3705.8823529411766
1061995,2016-960800,2016-10-24,Vente,151000.0,RUE DE MAGNY,77018,Bailly-Romainvilliers,1,Appartement,35.0,2.0,2.820078,48.849716,10,2016,4314.285714285715
1062001,2016-960803,2016-10-26,Vente,190000.0,PL D ARIANE,77449,Serris,1,Appartement,43.0,0.0,2.775601,48.855965,10,2016,4418.604651162791
1062010,2016-960809,2016-10-25,Vente,86000.0,RUE D AMSTERDAM,77307,Montévrain,1,Appartement,21.0,1.0,2.76756,48.853979,10,2016,4095.2380952380954
1062014,2016-960812,2016-10-28,Vente,170500.0,RUE DE VIENNE,77307,Montévrain,1,Appartement,38.0,2.0,2.760611,48.856017,10,2016,4486.8421052631575
1062122,2016-960875,2016-10-28,Vente,182000.0,ALL DE ZURICH,77307,Montévrain,1,Appartement,50.0,2.0,2.764325,48.856141,10,2016,3640.0
1062163,2016-960914,2016-09-30,Vente,205000.0,RUE DU MOULIN A VENT,77268,Magny-le-Hongre,1,Appartement,56.0,3.0,2.812264,48.866276,9,2016,3660.714285714286
1062166,2016-960917,2016-10-11,Vente,137619.0,RUE DE LA BOISERIE,77268,Magny-le-Hongre,1,Appartement,19.0,1.0,2.820674,48.862311,10,2016,7243.105263157895
1062173,2016-960922,2016-10-13,Vente,132394.0,RUE DE LA BOISERIE,77268,Magny-le-Hongre,1,Appartement,19.0,1.0,2.820674,48.862311,10,2016,6968.105263157895
1062174,2016-960923,2016-10-25,Vente,737853.0,RUE DE LA BOISERIE,77268,Magny-le-Hongre,1,Appartement,23.0,1.0,2.820674,48.862311,10,2016,32080.565217391304
1062175,2016-960923,2016-10-25,Vente,737853.0,RUE DE LA BOISERIE,77268,Magny-le-Hongre,1,Appartement,23.0,1.0,2.820674,48.862311,10,2016,32080.565217391304
1062176,2016-960923,2016-10-25,Vente,737853.0,RUE DE LA BOISERIE,77268,Magny-le-Hongre,1,Appartement,19.0,1.0,2.820674,48.862311,10,2016,38834.36842105263
1062177,2016-960923,2016-10-25,Vente,737853.0,RUE DE LA BOISERIE,77268,Magny-le-Hongre,1,Appartement,19.0,1.0,2.820674,48.862311,10,2016,38834.36842105263
1062179,2016-960923,2016-10-25,Vente,737853.0,RUE DE LA BOISERIE,77268,Magny-le-Hongre,1,Appartement,19.0,1.0,2.820674,48.862311,10,2016,38834.36842105263
1062206,2016-960949,2016-10-13,Vente,,RUE DE LA BOISERIE,77268,Magny-le-Hongre,1,Appartement,23.0,1.0,2.820674,48.862311,10,2016,
1062216,2016-960955,2016-11-07,Vente,203000.0,PL CECILE SABOURAUD,77111,Chessy,1,Appartement,60.0,3.0,2.765983,48.878966,11,2016,3383.3333333333335
1062231,2016-960961,2016-10-14,Vente,130488.0,RUE DE LA BOISERIE,77268,Magny-le-Hongre,1,Appartement,19.0,1.0,2.820674,48.862311,10,2016,6867.789473684211
1062264,2016-960990,2016-11-03,Vente,107000.0,RUE D AMSTERDAM,77307,Montévrain,1,Appartement,31.0,1.0,2.76756,48.853979,11,2016,3451.6129032258063
1062289,2016-961008,2016-11-08,Vente,178000.0,CRS DU TAGE,77449,Serris,1,Appartement,42.0,2.0,2.787538,48.853941,11,2016,4238.0952380952385
1062292,2016-961011,2016-10-19,Vente,136570.0,RUE DE LA BOISERIE,77268,Magny-le-Hongre,1,Appartement,19.0,1.0,2.820674,48.862311,10,2016,7187.894736842105
1062297,2016-961015,2016-10-19,Vente,124079.0,RUE DE LA BOISERIE,77268,Magny-le-Hongre,1,Appartement,19.0,1.0,2.820674,48.862311,10,2016,6530.473684210527
1062303,2016-961019,2016-11-02,Vente,161000.0,RUE DE LA CHARBONNIERE,77307,Montévrain,1,Appartement,42.0,2.0,2.765754,48.855891,11,2016,3833.3333333333335
1062313,2016-961026,2016-10-17,Vente,131688.0,RUE DE LA BOISERIE,77268,Magny-le-Hongre,1,Appartement,19.0,1.0,2.820674,48.862311,10,2016,6930.9473684210525
1062325,2016-961032,2016-10-19,Vente,137732.0,RUE DE LA BOISERIE,77268,Magny-le-Hongre,1,Appartement,19.0,1.0,2.820674,48.862311,10,2016,7249.0526315789475
1062345,2016-961047,2016-11-07,Vente,286000.0,RUE DE LA VERDAULEE,77018,Bailly-Romainvilliers,1,Appartement,97.0,6.0,2.823382,48.852684,11,2016,2948.453608247423
1062389,2016-961077,2016-10-20,Vente,165010.0,RUE DE LA BOISERIE,77268,Magny-le-Hongre,1,Appartement,23.0,1.0,2.820674,48.862311,10,2016,7174.347826086957
1062422,2016-961102,2016-10-19,Vente,233774.0,RUE DE LA BOISERIE,77268,Magny-le-Hongre,1,Appartement,32.0,1.0,2.820674,48.862311,10,2016,7305.4375
1062427,2016-961104,2016-11-10,Vente,225050.0,RUE DE PRAGUE,77307,Montévrain,1,Appartement,61.0,3.0,2.763609,48.8543,11,2016,3689.344262295082
1062441,2016-961115,2016-10-21,Vente,225000.0,RUE DE L EPINETTE,77268,Magny-le-Hongre,1,Appartement,68.0,3.0,2.81359,48.866809,10,2016,3308.823529411765
1062499,2016-961173,2016-11-03,Vente,160000.0,RUE DE LA FONTAINE ROUGE,77111,Chessy,1,Appartement,42.0,2.0,2.773342,48.855841,11,2016,3809.5238095238096
1062515,2016-961184,2016-11-14,Vente,180000.0,RUE DES CAMPANULES,77268,Magny-le-Hongre,1,Appartement,46.0,2.0,2.814437,48.86529,11,2016,3913.0434782608695
1062532,2016-961198,2016-11-15,Vente,170000.0,RUE DE PRAGUE,77307,Montévrain,1,Appartement,42.0,2.0,2.762352,48.854315,11,2016,4047.6190476190477
1062568,2016-961224,2016-11-18,Vente,238500.0,RUE DES VENVOLLES,77018,Bailly-Romainvilliers,1,Appartement,72.0,4.0,2.820459,48.85012,11,2016,3312.5
1062588,2016-961249,2016-11-15,Vente,230000.0,RUE DES LIVRAINS,77111,Chessy,1,Appartement,60.0,3.0,2.775748,48.857991,11,2016,3833.3333333333335
1062604,2016-961261,2016-11-08,Vente,102800.0,CRS DU DANUBE,77449,Serris,1,Appartement,27.0,2.0,2.78639,48.855954,11,2016,3807.4074074074074
1062605,2016-961265,2016-11-08,Vente,102800.0,CRS DU DANUBE,77449,Serris,1,Appartement,27.0,2.0,2.78639,48.855954,11,2016,3807.4074074074074
1062618,2016-961281,2016-10-26,Vente,165565.0,RUE DE LA BOISERIE,77268,Magny-le-Hongre,1,Appartement,23.0,1.0,2.820674,48.862311,10,2016,7198.478260869565
1062620,2016-961282,2016-10-26,Vente,235623.0,RUE DE LA BOISERIE,77268,Magny-le-Hongre,1,Appartement,33.0,1.0,2.820674,48.862311,10,2016,7140.090909090909
1062624,2016-961284,2016-10-27,Vente,160800.0,RUE DE LA BOISERIE,77268,Magny-le-Hongre,1,Appartement,23.0,1.0,2.820674,48.862311,10,2016,6991.304347826087
1062627,2016-961287,2016-10-26,Vente,136913.0,RUE DE LA BOISERIE,77268,Magny-le-Hongre,1,Appartement,19.0,1.0,2.820674,48.862311,10,2016,7205.9473684210525
1062666,2016-961323,2016-10-31,Vente,137619.0,RUE DE LA BOISERIE,77268,Magny-le-Hongre,1,Appartement,19.0,1.0,2.820674,48.862311,10,2016,7243.105263157895
1062668,2016-961325,2016-10-31,Vente,295380.0,RUE DE LA BOISERIE,77268,Magny-le-Hongre,1,Appartement,23.0,1.0,2.820674,48.862311,10,2016,12842.608695652174
1062670,2016-961325,2016-10-31,Vente,295380.0,RUE DE LA BOISERIE,77268,Magny-le-Hongre,1,Appartement,19.0,1.0,2.820674,48.862311,10,2016,15546.315789473685
1062684,2016-961337,2016-11-07,Vente,224000.0,RUE DES BEUYOTTES,77018,Bailly-Romainvilliers,1,Appartement,62.0,3.0,2.823393,48.853126,11,2016,3612.9032258064517
1062760,2016-961391,2016-11-18,Vente,220000.0,RUE DE L EPINETTE,77268,Magny-le-Hongre,1,Appartement,62.0,3.0,2.815647,48.86949,11,2016,3548.3870967741937
1062791,2016-961414,2016-11-08,Vente,137619.0,RUE DE LA BOISERIE,77268,Magny-le-Hongre,1,Appartement,19.0,1.0,2.820674,48.862311,11,2016,7243.105263157895
1062795,2016-961418,2016-11-17,Vente,134025.0,RUE DE LA BOISERIE,77268,Magny-le-Hongre,1,Appartement,19.0,1.0,2.820674,48.862311,11,2016,7053.9473684210525
1062796,2016-961420,2016-11-16,Vente,136419.0,RUE DE LA BOISERIE,77268,Magny-le-Hongre,1,Appartement,19.0,1.0,2.820674,48.862311,11,2016,7179.9473684210525
1062820,2016-961433,2016-11-18,Vente,342000.0,RUE DES CELTES,77449,Serris,1,Appartement,89.0,4.0,2.786552,48.857418,11,2016,3842.696629213483
1062831,2016-961437,2016-11-18,Vente,220000.0,RUE DES MURONS,77018,Bailly-Romainvilliers,1,Appartement,67.0,3.0,2.827852,48.854494,11,2016,3283.582089552239
1062853,2016-961454,2016-11-17,Vente,218000.0,CRS DU DANUBE,77449,Serris,1,Appartement,61.0,3.0,2.775601,48.855965,11,2016,3573.7704918032787
1062886,2016-961478,2016-11-25,Vente,236329.0,RUE DE LA BOISERIE,77268,Magny-le-Hongre,1,Appartement,33.0,1.0,2.820674,48.862311,11,2016,7161.484848484848
1062889,2016-961480,2016-11-24,Vente,160648.0,RUE DE LA BOISERIE,77268,Magny-le-Hongre,1,Appartement,23.0,1.0,2.820674,48.862311,11,2016,6984.695652173913
1062891,2016-961481,2016-11-18,Vente,136632.0,RUE DE LA BOISERIE,77268,Magny-le-Hongre,1,Appartement,19.0,1.0,2.820674,48.862311,11,2016,7191.1578947368425
1062905,2016-961491,2016-11-29,Vente,134000.0,RUE DES BERGES,77018,Bailly-Romainvilliers,1,Appartement,36.0,2.0,2.817996,48.850447,11,2016,3722.222222222222
1062975,2016-961540,2016-11-04,Vente,220000.0,RUE EMILE CLOUD,77449,Serris,1,Appartement,68.0,3.0,2.787261,48.848767,11,2016,3235.294117647059
1063042,2016-961588,2016-11-25,Vente,210000.0,RUE DE LA FONTAINE ROUGE,77111,Chessy,1,Appartement,56.0,3.0,2.772307,48.856432,11,2016,3750.0
1063112,2016-961647,2016-12-01,Vente,236430.0,ALL GDE ALL VAPILLON,77449,Serris,1,Appartement,62.0,3.0,2.781217,48.846541,12,2016,3813.3870967741937
1063115,2016-961650,2016-11-30,Vente,234917.0,RUE DE LA BOISERIE,77268,Magny-le-Hongre,1,Appartement,33.0,1.0,2.820674,48.862311,11,2016,7118.69696969697
1063117,2016-961651,2016-11-30,Vente,557822.0,RUE DE LA BOISERIE,77268,Magny-le-Hongre,1,Appartement,23.0,1.0,2.820674,48.862311,11,2016,24253.130434782608
1063118,2016-961651,2016-11-30,Vente,557822.0,RUE DE LA BOISERIE,77268,Magny-le-Hongre,1,Appartement,32.0,1.0,2.820674,48.862311,11,2016,17431.9375
1063119,2016-961651,2016-11-30,Vente,557822.0,RUE DE LA BOISERIE,77268,Magny-le-Hongre,1,Appartement,23.0,1.0,2.820674,48.862311,11,2016,24253.130434782608
1063195,2016-961717,2016-11-29,Vente,170000.0,CRS DU DANUBE,77449,Serris,1,Appartement,39.0,2.0,2.775601,48.855965,11,2016,4358.974358974359
1063250,2016-961757,2016-11-24,Vente,160000.0,CRS DE LA GARONNE,77449,Serris,1,Appartement,46.0,2.0,2.786107,48.855312,11,2016,3478.2608695652175
1063254,2016-961760,2016-11-30,Vente,112209.0,RUE DE LA BOISERIE,77268,Magny-le-Hongre,1,Appartement,19.0,1.0,2.820674,48.862311,11,2016,5905.736842105263
1063262,2016-961765,2016-11-30,Vente,218488.0,COUR DE LA FORGE,77449,Serris,1,Appartement,53.0,3.0,2.789096,48.843444,11,2016,4122.415094339623
1063266,2016-961768,2016-12-02,Vente,89000.0,RUE D AMSTERDAM,77307,Montévrain,1,Appartement,22.0,1.0,2.76756,48.853979,12,2016,4045.4545454545455
1063271,2016-961773,2016-12-02,Vente,145000.0,PL D AMILLY,77449,Serris,1,Appartement,37.0,2.0,2.787103,48.843547,12,2016,3918.9189189189187
1063473,2016-961948,2016-12-06,Vente,177600.0,AV DES FRENES,77307,Montévrain,1,Appartement,45.0,2.0,2.759956,48.871348,12,2016,3946.6666666666665
1063484,2016-961957,2016-12-07,Vente,220000.0,AV DES FRENES,77307,Montévrain,1,Appartement,52.0,3.0,2.759956,48.871348,12,2016,4230.7692307692305
1063495,2016-961964,2016-12-05,Vente,284000.0,ALL DE DUBLIN,77307,Montévrain,1,Appartement,80.0,4.0,2.766796,48.854878,12,2016,3550.0
1063508,2016-961972,2016-12-09,Vente,222500.0,CRS DU DANUBE,77449,Serris,1,Appartement,65.0,3.0,2.775601,48.855965,12,2016,3423.076923076923
1063564,2016-962013,2016-12-02,Vente,300000.0,RUE DE LA CHARBONNIERE,77307,Montévrain,1,Appartement,79.0,4.0,2.765754,48.855891,12,2016,3797.46835443038
1063566,2016-962015,2016-12-08,Vente,155000.0,RUE DE L EPINETTE,77268,Magny-le-Hongre,1,Appartement,46.0,2.0,2.815097,48.865945,12,2016,3369.5652173913045
1063650,2016-962092,2016-12-12,Vente,190000.0,SQ PAUL GAUGUIN,77268,Magny-le-Hongre,1,Appartement,47.0,3.0,2.812375,48.862491,12,2016,4042.553191489362
1063658,2016-962095,2016-12-09,Vente,80000.0,RUE DE LA CHARBONNIERE,77307,Montévrain,1,Appartement,22.0,1.0,2.76756,48.853979,12,2016,3636.3636363636365
1063982,2016-962134,2016-12-14,Vente,305000.0,RUE DU TAHURIAU,77018,Bailly-Romainvilliers,1,Appartement,112.0,5.0,2.823924,48.851721,12,2016,2723.214285714286
1063995,2016-962141,2016-12-13,Vente,330700.0,RUE DE BRUXELLES,77307,Montévrain,1,Appartement,84.0,4.0,2.764785,48.85566,12,2016,3936.904761904762
1063998,2016-962144,2016-12-13,Vente,127000.0,AV DE LA SOCIETE DES NATIONS,77307,Montévrain,1,Appartement,36.0,2.0,2.758432,48.866784,12,2016,3527.777777777778
1064007,2016-962156,2016-12-15,Vente,149250.0,AV DES FRENES,77307,Montévrain,2,Appartement,39.0,2.0,2.761009,48.871225,12,2016,3826.923076923077
1064055,2016-962190,2016-12-16,Vente,223000.0,RUE DE LA FONTAINE ROUGE,77111,Chessy,1,Appartement,56.0,3.0,2.773342,48.855841,12,2016,3982.1428571428573
1064066,2016-962197,2016-12-15,Vente,175000.0,RUE DU BOIS DE PARIS,77111,Chessy,1,Appartement,45.0,2.0,2.775748,48.857991,12,2016,3888.8888888888887
1064086,2016-962214,2016-12-15,Vente,273500.0,CRS DU TAGE,77449,Serris,2,Appartement,74.0,4.0,2.78621,48.852987,12,2016,3695.945945945946
1064097,2016-962220,2016-12-13,Vente,136913.0,RUE DE LA BOISERIE,77268,Magny-le-Hongre,1,Appartement,19.0,1.0,2.820674,48.862311,12,2016,7205.9473684210525
1064098,2016-962221,2016-12-16,Vente,137619.0,RUE DE LA BOISERIE,77268,Magny-le-Hongre,1,Appartement,19.0,1.0,2.820674,48.862311,12,2016,7243.105263157895
1064124,2016-962243,2016-11-28,Vente,190000.0,CRS DU DANUBE,77449,Serris,1,Appartement,45.0,2.0,2.775601,48.855965,11,2016,4222.222222222223
1064128,2016-962245,2016-12-20,Vente,267245.0,RUE DE LA VERDAULEE,77018,Bailly-Romainvilliers,1,Appartement,84.0,4.0,2.823382,48.852684,12,2016,3181.4880952380954
1064203,2016-962310,2016-12-23,Vente,179000.0,RUE DU BOIS DE PARIS,77111,Chessy,1,Appartement,50.0,2.0,2.775748,48.857991,12,2016,3580.0
1064243,2016-962348,2016-12-21,Vente,222000.0,ALL DE DUBLIN,77307,Montévrain,1,Appartement,57.0,3.0,2.766132,48.854328,12,2016,3894.7368421052633
1064252,2016-962356,2016-12-15,Vente,88000.0,RUE DE LA CHARBONNIERE,77307,Montévrain,1,Appartement,22.0,1.0,2.76756,48.853979,12,2016,4000.0
1064275,2016-962370,2016-12-19,Vente,155000.0,CRS DE LA GARONNE,77449,Serris,1,Appartement,41.0,2.0,2.786107,48.855312,12,2016,3780.487804878049
1064320,2016-962402,2016-12-22,Vente,180000.0,RUE DU BOIS DE PARIS,77111,Chessy,2,Appartement,41.0,2.0,2.774476,48.857538,12,2016,4390.243902439024
1064325,2016-962408,2016-12-13,Vente,250200.0,RUE DU BOIS DE PARIS,77111,Chessy,2,Appartement,60.0,3.0,2.774476,48.857538,12,2016,4170.0
1064344,2016-962422,2016-12-20,Vente,195000.0,RUE DES FERMES,77268,Magny-le-Hongre,1,Appartement,59.0,3.0,2.812748,48.865878,12,2016,3305.084745762712
1064499,2016-962461,2016-12-09,Vente,136000.0,RUE DE LA CHARBONNIERE,77307,Montévrain,1,Appartement,34.0,2.0,2.766796,48.854878,12,2016,4000.0
1064629,2016-962561,2016-12-26,Vente,119000.0,RUE DE BRUXELLES,77307,Montévrain,1,Appartement,28.0,1.0,2.761705,48.854971,12,2016,4250.0
1064640,2016-962567,2016-12-23,Vente,94000.0,RUE D AMSTERDAM,77307,Montévrain,1,Appartement,22.0,1.0,2.76756,48.853979,12,2016,4272.727272727273
1064642,2016-962568,2016-12-28,Vente,212550.0,RUE DES VENVOLLES,77018,Bailly-Romainvilliers,2,Appartement,60.0,3.0,2.820078,48.849716,12,2016,3542.5
1064645,2016-962569,2016-12-23,Vente,222000.0,RUE DU MOULIN A VENT,77268,Magny-le-Hongre,1,Appartement,76.0,4.0,2.813347,48.866869,12,2016,2921.0526315789475
1064713,2016-962621,2016-12-23,Vente,140000.0,RUE DE LA CLE DES CHAMPS,77268,Magny-le-Hongre,1,Appartement,54.0,3.0,2.815862,48.867012,12,2016,2592.5925925925926
1064772,2016-962652,2016-12-23,Vente,339000.0,RUE DES CELTES,77449,Serris,1,Appartement,76.0,4.0,2.786552,48.857418,12,2016,4460.526315789473
1064805,2016-962688,2016-12-20,Vente,82000.0,RUE D AMSTERDAM,77307,Montévrain,1,Appartement,22.0,1.0,2.76756,48.853979,12,2016,3727.2727272727275
1064823,2016-962703,2016-12-27,Vente,315000.0,CRS DU DANUBE,77449,Serris,1,Appartement,70.0,3.0,2.784357,48.856868,12,2016,4500.0
1064876,2016-962741,2016-09-07,Vente,177000.0,RUE DE L EPINETTE,77268,Magny-le-Hongre,1,Appartement,34.0,2.0,2.815647,48.86949,9,2016,5205.882352941177
1064900,2016-962760,2016-12-19,Vente,133745.0,RUE DE LA BOISERIE,77268,Magny-le-Hongre,1,Appartement,19.0,1.0,2.820674,48.862311,12,2016,7039.210526315789
1064902,2016-962761,2016-12-27,Vente,234917.0,RUE DE LA BOISERIE,77268,Magny-le-Hongre,1,Appartement,33.0,1.0,2.820674,48.862311,12,2016,7118.69696969697
1064904,2016-962763,2016-12-27,Vente,137619.0,RUE DE LA BOISERIE,77268,Magny-le-Hongre,1,Appartement,19.0,1.0,2.820674,48.862311,12,2016,7243.105263157895
1064930,2016-962784,2016-12-22,Vente,163535.0,RUE DE LA BOISERIE,77268,Magny-le-Hongre,1,Appartement,23.0,1.0,2.820674,48.862311,12,2016,7110.217391304348
1064933,2016-962785,2016-12-30,Vente,318000.0,RUE DU COCHET,77018,Bailly-Romainvilliers,1,Appartement,92.0,4.0,2.827852,48.854494,12,2016,3456.521739130435
1064953,2016-962800,2016-12-30,Vente,90000.0,RUE DE LA CHARBONNIERE,77307,Montévrain,1,Appartement,22.0,1.0,2.76756,48.853979,12,2016,4090.909090909091
1065015,2016-962846,2016-12-22,Vente,224000.0,RUE DE BRUXELLES,77307,Montévrain,1,Appartement,59.0,3.0,2.761705,48.854971,12,2016,3796.6101694915255
1065024,2016-962850,2016-12-30,Vente,170410.0,RUE DE LA BOISERIE,77268,Magny-le-Hongre,1,Appartement,23.0,1.0,2.820674,48.862311,12,2016,7409.130434782609
1065042,2016-962866,2016-12-29,Vente,220190.0,ESP DES GUINANDIERS,77018,Bailly-Romainvilliers,1,Appartement,72.0,3.0,2.815374,48.848782,12,2016,3058.1944444444443
1065359,2016-962964,2016-12-26,Vente,215000.0,RUE DES BERGES,77018,Bailly-Romainvilliers,1,Appartement,65.0,3.0,2.815766,48.849664,12,2016,3307.6923076923076
1065383,2016-962981,2016-12-23,Vente,237000.0,AV DES FRENES,77307,Montévrain,1,Appartement,66.0,3.0,2.759956,48.871348,12,2016,3590.909090909091
1065394,2016-962992,2016-12-30,Vente,105000.0,RUE DE LA CHARBONNIERE,77307,Montévrain,1,Appartement,30.0,1.0,2.76756,48.853979,12,2016,3500.0
1065427,2016-963036,2016-12-22,Vente,300000.0,RUE DE STOCKHOLM,77307,Montévrain,1,Appartement,75.0,4.0,2.763196,48.858521,12,2016,4000.0
1065461,2016-963050,2016-12-27,Vente,161000.0,RUE DU MOULIN A VENT,77268,Magny-le-Hongre,1,Appartement,39.0,2.0,2.813132,48.866175,12,2016,4128.205128205128
1065484,2016-963089,2016-12-28,Vente,271000.0,CRS DE L ELBE,77449,Serris,1,Appartement,69.0,3.0,2.785284,48.857334,12,2016,3927.536231884058
1065496,2016-963099,2016-12-29,Vente,138164.0,RUE DE LA BOISERIE,77268,Magny-le-Hongre,1,Appartement,19.0,1.0,2.820674,48.862311,12,2016,7271.789473684211
1065497,2016-963100,2016-12-29,Vente,168078.0,RUE DE LA BOISERIE,77268,Magny-le-Hongre,1,Appartement,23.0,1.0,2.820674,48.862311,12,2016,7307.739130434783
1065500,2016-963101,2016-12-30,Vente,168380.0,RUE DE LA BOISERIE,77268,Magny-le-Hongre,1,Appartement,23.0,1.0,2.820674,48.862311,12,2016,7320.869565217391
